2026-06-18 21:08:05	/home/jumpsta1/public_html/jumpstart.gg/wiki/lib/plugins/authplain/auth.php(470)	E_WARNING: preg_match(): Compilation failed: quantifier does not follow a repeatable item at offset 0
  #0 [internal function]: dokuwiki\ErrorHandler::errorHandler(2, 'preg_match(): C...', '/home/jumpsta1/...', 470)
  #1 /home/jumpsta1/public_html/jumpstart.gg/wiki/lib/plugins/authplain/auth.php(470): preg_match('/*regret*/i', 'LimeLight')
  #2 /home/jumpsta1/public_html/jumpstart.gg/wiki/lib/plugins/authplain/auth.php(318): auth_plugin_authplain->filter('4800lightbulbs', Array)
  #3 /home/jumpsta1/public_html/jumpstart.gg/wiki/lib/plugins/jumpstart/action.php(88): auth_plugin_authplain->retrieveUsers(0, 20, Array)
  #4 /home/jumpsta1/public_html/jumpstart.gg/wiki/inc/Extension/EventHandler.php(80): action_plugin_jumpstart->handle_userprofile_api(Object(dokuwiki\Extension\Event), NULL)
  #5 /home/jumpsta1/public_html/jumpstart.gg/wiki/inc/Extension/Event.php(75): dokuwiki\Extension\EventHandler->process_event(Object(dokuwiki\Extension\Event), 'BEFORE')
  #6 /home/jumpsta1/public_html/jumpstart.gg/wiki/inc/ActionRouter.php(83): dokuwiki\Extension\Event->advise_before()
  #7 /home/jumpsta1/public_html/jumpstart.gg/wiki/inc/ActionRouter.php(49): dokuwiki\ActionRouter->setupAction('searchusers')
  #8 /home/jumpsta1/public_html/jumpstart.gg/wiki/inc/ActionRouter.php(62): dokuwiki\ActionRouter->__construct()
  #9 /home/jumpsta1/public_html/jumpstart.gg/wiki/inc/actions.php(19): dokuwiki\ActionRouter::getInstance(true)
  #10 /home/jumpsta1/public_html/jumpstart.gg/wiki/doku.php(131): act_dispatch()
  #11 {main}
2026-06-18 21:08:05	/home/jumpsta1/public_html/jumpstart.gg/wiki/lib/plugins/authplain/auth.php(470)	E_WARNING: preg_match(): Compilation failed: quantifier does not follow a repeatable item at offset 0
  #0 [internal function]: dokuwiki\ErrorHandler::errorHandler(2, 'preg_match(): C...', '/home/jumpsta1/...', 470)
  #1 /home/jumpsta1/public_html/jumpstart.gg/wiki/lib/plugins/authplain/auth.php(470): preg_match('/*regret*/i', 'Awooga')
  #2 /home/jumpsta1/public_html/jumpstart.gg/wiki/lib/plugins/authplain/auth.php(318): auth_plugin_authplain->filter('awooga_dl', Array)
  #3 /home/jumpsta1/public_html/jumpstart.gg/wiki/lib/plugins/jumpstart/action.php(88): auth_plugin_authplain->retrieveUsers(0, 20, Array)
  #4 /home/jumpsta1/public_html/jumpstart.gg/wiki/inc/Extension/EventHandler.php(80): action_plugin_jumpstart->handle_userprofile_api(Object(dokuwiki\Extension\Event), NULL)
  #5 /home/jumpsta1/public_html/jumpstart.gg/wiki/inc/Extension/Event.php(75): dokuwiki\Extension\EventHandler->process_event(Object(dokuwiki\Extension\Event), 'BEFORE')
  #6 /home/jumpsta1/public_html/jumpstart.gg/wiki/inc/ActionRouter.php(83): dokuwiki\Extension\Event->advise_before()
  #7 /home/jumpsta1/public_html/jumpstart.gg/wiki/inc/ActionRouter.php(49): dokuwiki\ActionRouter->setupAction('searchusers')
  #8 /home/jumpsta1/public_html/jumpstart.gg/wiki/inc/ActionRouter.php(62): dokuwiki\ActionRouter->__construct()
  #9 /home/jumpsta1/public_html/jumpstart.gg/wiki/inc/actions.php(19): dokuwiki\ActionRouter::getInstance(true)
  #10 /home/jumpsta1/public_html/jumpstart.gg/wiki/doku.php(131): act_dispatch()
  #11 {main}
2026-06-18 21:08:05	/home/jumpsta1/public_html/jumpstart.gg/wiki/lib/plugins/authplain/auth.php(470)	E_WARNING: preg_match(): Compilation failed: quantifier does not follow a repeatable item at offset 0
  #0 [internal function]: dokuwiki\ErrorHandler::errorHandler(2, 'preg_match(): C...', '/home/jumpsta1/...', 470)
  #1 /home/jumpsta1/public_html/jumpstart.gg/wiki/lib/plugins/authplain/auth.php(470): preg_match('/*regret*/i', 'RegretfulCurve')
  #2 /home/jumpsta1/public_html/jumpstart.gg/wiki/lib/plugins/authplain/auth.php(318): auth_plugin_authplain->filter('jumpstartadmin', Array)
  #3 /home/jumpsta1/public_html/jumpstart.gg/wiki/lib/plugins/jumpstart/action.php(88): auth_plugin_authplain->retrieveUsers(0, 20, Array)
  #4 /home/jumpsta1/public_html/jumpstart.gg/wiki/inc/Extension/EventHandler.php(80): action_plugin_jumpstart->handle_userprofile_api(Object(dokuwiki\Extension\Event), NULL)
  #5 /home/jumpsta1/public_html/jumpstart.gg/wiki/inc/Extension/Event.php(75): dokuwiki\Extension\EventHandler->process_event(Object(dokuwiki\Extension\Event), 'BEFORE')
  #6 /home/jumpsta1/public_html/jumpstart.gg/wiki/inc/ActionRouter.php(83): dokuwiki\Extension\Event->advise_before()
  #7 /home/jumpsta1/public_html/jumpstart.gg/wiki/inc/ActionRouter.php(49): dokuwiki\ActionRouter->setupAction('searchusers')
  #8 /home/jumpsta1/public_html/jumpstart.gg/wiki/inc/ActionRouter.php(62): dokuwiki\ActionRouter->__construct()
  #9 /home/jumpsta1/public_html/jumpstart.gg/wiki/inc/actions.php(19): dokuwiki\ActionRouter::getInstance(true)
  #10 /home/jumpsta1/public_html/jumpstart.gg/wiki/doku.php(131): act_dispatch()
  #11 {main}
2026-06-18 21:08:05	/home/jumpsta1/public_html/jumpstart.gg/wiki/lib/plugins/authplain/auth.php(470)	E_WARNING: preg_match(): Compilation failed: quantifier does not follow a repeatable item at offset 0
  #0 [internal function]: dokuwiki\ErrorHandler::errorHandler(2, 'preg_match(): C...', '/home/jumpsta1/...', 470)
  #1 /home/jumpsta1/public_html/jumpstart.gg/wiki/lib/plugins/authplain/auth.php(470): preg_match('/*regret*/i', 'LimeLight')
  #2 /home/jumpsta1/public_html/jumpstart.gg/wiki/lib/plugins/authplain/auth.php(318): auth_plugin_authplain->filter('limelight', Array)
  #3 /home/jumpsta1/public_html/jumpstart.gg/wiki/lib/plugins/jumpstart/action.php(88): auth_plugin_authplain->retrieveUsers(0, 20, Array)
  #4 /home/jumpsta1/public_html/jumpstart.gg/wiki/inc/Extension/EventHandler.php(80): action_plugin_jumpstart->handle_userprofile_api(Object(dokuwiki\Extension\Event), NULL)
  #5 /home/jumpsta1/public_html/jumpstart.gg/wiki/inc/Extension/Event.php(75): dokuwiki\Extension\EventHandler->process_event(Object(dokuwiki\Extension\Event), 'BEFORE')
  #6 /home/jumpsta1/public_html/jumpstart.gg/wiki/inc/ActionRouter.php(83): dokuwiki\Extension\Event->advise_before()
  #7 /home/jumpsta1/public_html/jumpstart.gg/wiki/inc/ActionRouter.php(49): dokuwiki\ActionRouter->setupAction('searchusers')
  #8 /home/jumpsta1/public_html/jumpstart.gg/wiki/inc/ActionRouter.php(62): dokuwiki\ActionRouter->__construct()
  #9 /home/jumpsta1/public_html/jumpstart.gg/wiki/inc/actions.php(19): dokuwiki\ActionRouter::getInstance(true)
  #10 /home/jumpsta1/public_html/jumpstart.gg/wiki/doku.php(131): act_dispatch()
  #11 {main}
2026-06-18 21:08:05	/home/jumpsta1/public_html/jumpstart.gg/wiki/lib/plugins/authplain/auth.php(467)	E_WARNING: preg_match(): Compilation failed: quantifier does not follow a repeatable item at offset 0
  #0 [internal function]: dokuwiki\ErrorHandler::errorHandler(2, 'preg_match(): C...', '/home/jumpsta1/...', 467)
  #1 /home/jumpsta1/public_html/jumpstart.gg/wiki/lib/plugins/authplain/auth.php(467): preg_match('/*regret*/i', '4800lightbulbs')
  #2 /home/jumpsta1/public_html/jumpstart.gg/wiki/lib/plugins/authplain/auth.php(318): auth_plugin_authplain->filter('4800lightbulbs', Array)
  #3 /home/jumpsta1/public_html/jumpstart.gg/wiki/lib/plugins/jumpstart/action.php(89): auth_plugin_authplain->retrieveUsers(0, 20, Array)
  #4 /home/jumpsta1/public_html/jumpstart.gg/wiki/inc/Extension/EventHandler.php(80): action_plugin_jumpstart->handle_userprofile_api(Object(dokuwiki\Extension\Event), NULL)
  #5 /home/jumpsta1/public_html/jumpstart.gg/wiki/inc/Extension/Event.php(75): dokuwiki\Extension\EventHandler->process_event(Object(dokuwiki\Extension\Event), 'BEFORE')
  #6 /home/jumpsta1/public_html/jumpstart.gg/wiki/inc/ActionRouter.php(83): dokuwiki\Extension\Event->advise_before()
  #7 /home/jumpsta1/public_html/jumpstart.gg/wiki/inc/ActionRouter.php(49): dokuwiki\ActionRouter->setupAction('searchusers')
  #8 /home/jumpsta1/public_html/jumpstart.gg/wiki/inc/ActionRouter.php(62): dokuwiki\ActionRouter->__construct()
  #9 /home/jumpsta1/public_html/jumpstart.gg/wiki/inc/actions.php(19): dokuwiki\ActionRouter::getInstance(true)
  #10 /home/jumpsta1/public_html/jumpstart.gg/wiki/doku.php(131): act_dispatch()
  #11 {main}
2026-06-18 21:08:05	/home/jumpsta1/public_html/jumpstart.gg/wiki/lib/plugins/authplain/auth.php(467)	E_WARNING: preg_match(): Compilation failed: quantifier does not follow a repeatable item at offset 0
  #0 [internal function]: dokuwiki\ErrorHandler::errorHandler(2, 'preg_match(): C...', '/home/jumpsta1/...', 467)
  #1 /home/jumpsta1/public_html/jumpstart.gg/wiki/lib/plugins/authplain/auth.php(467): preg_match('/*regret*/i', 'awooga_dl')
  #2 /home/jumpsta1/public_html/jumpstart.gg/wiki/lib/plugins/authplain/auth.php(318): auth_plugin_authplain->filter('awooga_dl', Array)
  #3 /home/jumpsta1/public_html/jumpstart.gg/wiki/lib/plugins/jumpstart/action.php(89): auth_plugin_authplain->retrieveUsers(0, 20, Array)
  #4 /home/jumpsta1/public_html/jumpstart.gg/wiki/inc/Extension/EventHandler.php(80): action_plugin_jumpstart->handle_userprofile_api(Object(dokuwiki\Extension\Event), NULL)
  #5 /home/jumpsta1/public_html/jumpstart.gg/wiki/inc/Extension/Event.php(75): dokuwiki\Extension\EventHandler->process_event(Object(dokuwiki\Extension\Event), 'BEFORE')
  #6 /home/jumpsta1/public_html/jumpstart.gg/wiki/inc/ActionRouter.php(83): dokuwiki\Extension\Event->advise_before()
  #7 /home/jumpsta1/public_html/jumpstart.gg/wiki/inc/ActionRouter.php(49): dokuwiki\ActionRouter->setupAction('searchusers')
  #8 /home/jumpsta1/public_html/jumpstart.gg/wiki/inc/ActionRouter.php(62): dokuwiki\ActionRouter->__construct()
  #9 /home/jumpsta1/public_html/jumpstart.gg/wiki/inc/actions.php(19): dokuwiki\ActionRouter::getInstance(true)
  #10 /home/jumpsta1/public_html/jumpstart.gg/wiki/doku.php(131): act_dispatch()
  #11 {main}
2026-06-18 21:08:05	/home/jumpsta1/public_html/jumpstart.gg/wiki/lib/plugins/authplain/auth.php(467)	E_WARNING: preg_match(): Compilation failed: quantifier does not follow a repeatable item at offset 0
  #0 [internal function]: dokuwiki\ErrorHandler::errorHandler(2, 'preg_match(): C...', '/home/jumpsta1/...', 467)
  #1 /home/jumpsta1/public_html/jumpstart.gg/wiki/lib/plugins/authplain/auth.php(467): preg_match('/*regret*/i', 'jumpstartadmin')
  #2 /home/jumpsta1/public_html/jumpstart.gg/wiki/lib/plugins/authplain/auth.php(318): auth_plugin_authplain->filter('jumpstartadmin', Array)
  #3 /home/jumpsta1/public_html/jumpstart.gg/wiki/lib/plugins/jumpstart/action.php(89): auth_plugin_authplain->retrieveUsers(0, 20, Array)
  #4 /home/jumpsta1/public_html/jumpstart.gg/wiki/inc/Extension/EventHandler.php(80): action_plugin_jumpstart->handle_userprofile_api(Object(dokuwiki\Extension\Event), NULL)
  #5 /home/jumpsta1/public_html/jumpstart.gg/wiki/inc/Extension/Event.php(75): dokuwiki\Extension\EventHandler->process_event(Object(dokuwiki\Extension\Event), 'BEFORE')
  #6 /home/jumpsta1/public_html/jumpstart.gg/wiki/inc/ActionRouter.php(83): dokuwiki\Extension\Event->advise_before()
  #7 /home/jumpsta1/public_html/jumpstart.gg/wiki/inc/ActionRouter.php(49): dokuwiki\ActionRouter->setupAction('searchusers')
  #8 /home/jumpsta1/public_html/jumpstart.gg/wiki/inc/ActionRouter.php(62): dokuwiki\ActionRouter->__construct()
  #9 /home/jumpsta1/public_html/jumpstart.gg/wiki/inc/actions.php(19): dokuwiki\ActionRouter::getInstance(true)
  #10 /home/jumpsta1/public_html/jumpstart.gg/wiki/doku.php(131): act_dispatch()
  #11 {main}
2026-06-18 21:08:05	/home/jumpsta1/public_html/jumpstart.gg/wiki/lib/plugins/authplain/auth.php(467)	E_WARNING: preg_match(): Compilation failed: quantifier does not follow a repeatable item at offset 0
  #0 [internal function]: dokuwiki\ErrorHandler::errorHandler(2, 'preg_match(): C...', '/home/jumpsta1/...', 467)
  #1 /home/jumpsta1/public_html/jumpstart.gg/wiki/lib/plugins/authplain/auth.php(467): preg_match('/*regret*/i', 'limelight')
  #2 /home/jumpsta1/public_html/jumpstart.gg/wiki/lib/plugins/authplain/auth.php(318): auth_plugin_authplain->filter('limelight', Array)
  #3 /home/jumpsta1/public_html/jumpstart.gg/wiki/lib/plugins/jumpstart/action.php(89): auth_plugin_authplain->retrieveUsers(0, 20, Array)
  #4 /home/jumpsta1/public_html/jumpstart.gg/wiki/inc/Extension/EventHandler.php(80): action_plugin_jumpstart->handle_userprofile_api(Object(dokuwiki\Extension\Event), NULL)
  #5 /home/jumpsta1/public_html/jumpstart.gg/wiki/inc/Extension/Event.php(75): dokuwiki\Extension\EventHandler->process_event(Object(dokuwiki\Extension\Event), 'BEFORE')
  #6 /home/jumpsta1/public_html/jumpstart.gg/wiki/inc/ActionRouter.php(83): dokuwiki\Extension\Event->advise_before()
  #7 /home/jumpsta1/public_html/jumpstart.gg/wiki/inc/ActionRouter.php(49): dokuwiki\ActionRouter->setupAction('searchusers')
  #8 /home/jumpsta1/public_html/jumpstart.gg/wiki/inc/ActionRouter.php(62): dokuwiki\ActionRouter->__construct()
  #9 /home/jumpsta1/public_html/jumpstart.gg/wiki/inc/actions.php(19): dokuwiki\ActionRouter::getInstance(true)
  #10 /home/jumpsta1/public_html/jumpstart.gg/wiki/doku.php(131): act_dispatch()
  #11 {main}
2026-06-18 21:08:06	/home/jumpsta1/public_html/jumpstart.gg/wiki/lib/plugins/authplain/auth.php(470)	E_WARNING: preg_match(): Compilation failed: quantifier does not follow a repeatable item at offset 0
  #0 [internal function]: dokuwiki\ErrorHandler::errorHandler(2, 'preg_match(): C...', '/home/jumpsta1/...', 470)
  #1 /home/jumpsta1/public_html/jumpstart.gg/wiki/lib/plugins/authplain/auth.php(470): preg_match('/*regretf*/i', 'LimeLight')
  #2 /home/jumpsta1/public_html/jumpstart.gg/wiki/lib/plugins/authplain/auth.php(318): auth_plugin_authplain->filter('4800lightbulbs', Array)
  #3 /home/jumpsta1/public_html/jumpstart.gg/wiki/lib/plugins/jumpstart/action.php(88): auth_plugin_authplain->retrieveUsers(0, 20, Array)
  #4 /home/jumpsta1/public_html/jumpstart.gg/wiki/inc/Extension/EventHandler.php(80): action_plugin_jumpstart->handle_userprofile_api(Object(dokuwiki\Extension\Event), NULL)
  #5 /home/jumpsta1/public_html/jumpstart.gg/wiki/inc/Extension/Event.php(75): dokuwiki\Extension\EventHandler->process_event(Object(dokuwiki\Extension\Event), 'BEFORE')
  #6 /home/jumpsta1/public_html/jumpstart.gg/wiki/inc/ActionRouter.php(83): dokuwiki\Extension\Event->advise_before()
  #7 /home/jumpsta1/public_html/jumpstart.gg/wiki/inc/ActionRouter.php(49): dokuwiki\ActionRouter->setupAction('searchusers')
  #8 /home/jumpsta1/public_html/jumpstart.gg/wiki/inc/ActionRouter.php(62): dokuwiki\ActionRouter->__construct()
  #9 /home/jumpsta1/public_html/jumpstart.gg/wiki/inc/actions.php(19): dokuwiki\ActionRouter::getInstance(true)
  #10 /home/jumpsta1/public_html/jumpstart.gg/wiki/doku.php(131): act_dispatch()
  #11 {main}
2026-06-18 21:08:06	/home/jumpsta1/public_html/jumpstart.gg/wiki/lib/plugins/authplain/auth.php(470)	E_WARNING: preg_match(): Compilation failed: quantifier does not follow a repeatable item at offset 0
  #0 [internal function]: dokuwiki\ErrorHandler::errorHandler(2, 'preg_match(): C...', '/home/jumpsta1/...', 470)
  #1 /home/jumpsta1/public_html/jumpstart.gg/wiki/lib/plugins/authplain/auth.php(470): preg_match('/*regretf*/i', 'Awooga')
  #2 /home/jumpsta1/public_html/jumpstart.gg/wiki/lib/plugins/authplain/auth.php(318): auth_plugin_authplain->filter('awooga_dl', Array)
  #3 /home/jumpsta1/public_html/jumpstart.gg/wiki/lib/plugins/jumpstart/action.php(88): auth_plugin_authplain->retrieveUsers(0, 20, Array)
  #4 /home/jumpsta1/public_html/jumpstart.gg/wiki/inc/Extension/EventHandler.php(80): action_plugin_jumpstart->handle_userprofile_api(Object(dokuwiki\Extension\Event), NULL)
  #5 /home/jumpsta1/public_html/jumpstart.gg/wiki/inc/Extension/Event.php(75): dokuwiki\Extension\EventHandler->process_event(Object(dokuwiki\Extension\Event), 'BEFORE')
  #6 /home/jumpsta1/public_html/jumpstart.gg/wiki/inc/ActionRouter.php(83): dokuwiki\Extension\Event->advise_before()
  #7 /home/jumpsta1/public_html/jumpstart.gg/wiki/inc/ActionRouter.php(49): dokuwiki\ActionRouter->setupAction('searchusers')
  #8 /home/jumpsta1/public_html/jumpstart.gg/wiki/inc/ActionRouter.php(62): dokuwiki\ActionRouter->__construct()
  #9 /home/jumpsta1/public_html/jumpstart.gg/wiki/inc/actions.php(19): dokuwiki\ActionRouter::getInstance(true)
  #10 /home/jumpsta1/public_html/jumpstart.gg/wiki/doku.php(131): act_dispatch()
  #11 {main}
2026-06-18 21:08:06	/home/jumpsta1/public_html/jumpstart.gg/wiki/lib/plugins/authplain/auth.php(470)	E_WARNING: preg_match(): Compilation failed: quantifier does not follow a repeatable item at offset 0
  #0 [internal function]: dokuwiki\ErrorHandler::errorHandler(2, 'preg_match(): C...', '/home/jumpsta1/...', 470)
  #1 /home/jumpsta1/public_html/jumpstart.gg/wiki/lib/plugins/authplain/auth.php(470): preg_match('/*regretf*/i', 'RegretfulCurve')
  #2 /home/jumpsta1/public_html/jumpstart.gg/wiki/lib/plugins/authplain/auth.php(318): auth_plugin_authplain->filter('jumpstartadmin', Array)
  #3 /home/jumpsta1/public_html/jumpstart.gg/wiki/lib/plugins/jumpstart/action.php(88): auth_plugin_authplain->retrieveUsers(0, 20, Array)
  #4 /home/jumpsta1/public_html/jumpstart.gg/wiki/inc/Extension/EventHandler.php(80): action_plugin_jumpstart->handle_userprofile_api(Object(dokuwiki\Extension\Event), NULL)
  #5 /home/jumpsta1/public_html/jumpstart.gg/wiki/inc/Extension/Event.php(75): dokuwiki\Extension\EventHandler->process_event(Object(dokuwiki\Extension\Event), 'BEFORE')
  #6 /home/jumpsta1/public_html/jumpstart.gg/wiki/inc/ActionRouter.php(83): dokuwiki\Extension\Event->advise_before()
  #7 /home/jumpsta1/public_html/jumpstart.gg/wiki/inc/ActionRouter.php(49): dokuwiki\ActionRouter->setupAction('searchusers')
  #8 /home/jumpsta1/public_html/jumpstart.gg/wiki/inc/ActionRouter.php(62): dokuwiki\ActionRouter->__construct()
  #9 /home/jumpsta1/public_html/jumpstart.gg/wiki/inc/actions.php(19): dokuwiki\ActionRouter::getInstance(true)
  #10 /home/jumpsta1/public_html/jumpstart.gg/wiki/doku.php(131): act_dispatch()
  #11 {main}
2026-06-18 21:08:06	/home/jumpsta1/public_html/jumpstart.gg/wiki/lib/plugins/authplain/auth.php(470)	E_WARNING: preg_match(): Compilation failed: quantifier does not follow a repeatable item at offset 0
  #0 [internal function]: dokuwiki\ErrorHandler::errorHandler(2, 'preg_match(): C...', '/home/jumpsta1/...', 470)
  #1 /home/jumpsta1/public_html/jumpstart.gg/wiki/lib/plugins/authplain/auth.php(470): preg_match('/*regretf*/i', 'LimeLight')
  #2 /home/jumpsta1/public_html/jumpstart.gg/wiki/lib/plugins/authplain/auth.php(318): auth_plugin_authplain->filter('limelight', Array)
  #3 /home/jumpsta1/public_html/jumpstart.gg/wiki/lib/plugins/jumpstart/action.php(88): auth_plugin_authplain->retrieveUsers(0, 20, Array)
  #4 /home/jumpsta1/public_html/jumpstart.gg/wiki/inc/Extension/EventHandler.php(80): action_plugin_jumpstart->handle_userprofile_api(Object(dokuwiki\Extension\Event), NULL)
  #5 /home/jumpsta1/public_html/jumpstart.gg/wiki/inc/Extension/Event.php(75): dokuwiki\Extension\EventHandler->process_event(Object(dokuwiki\Extension\Event), 'BEFORE')
  #6 /home/jumpsta1/public_html/jumpstart.gg/wiki/inc/ActionRouter.php(83): dokuwiki\Extension\Event->advise_before()
  #7 /home/jumpsta1/public_html/jumpstart.gg/wiki/inc/ActionRouter.php(49): dokuwiki\ActionRouter->setupAction('searchusers')
  #8 /home/jumpsta1/public_html/jumpstart.gg/wiki/inc/ActionRouter.php(62): dokuwiki\ActionRouter->__construct()
  #9 /home/jumpsta1/public_html/jumpstart.gg/wiki/inc/actions.php(19): dokuwiki\ActionRouter::getInstance(true)
  #10 /home/jumpsta1/public_html/jumpstart.gg/wiki/doku.php(131): act_dispatch()
  #11 {main}
2026-06-18 21:08:06	/home/jumpsta1/public_html/jumpstart.gg/wiki/lib/plugins/authplain/auth.php(467)	E_WARNING: preg_match(): Compilation failed: quantifier does not follow a repeatable item at offset 0
  #0 [internal function]: dokuwiki\ErrorHandler::errorHandler(2, 'preg_match(): C...', '/home/jumpsta1/...', 467)
  #1 /home/jumpsta1/public_html/jumpstart.gg/wiki/lib/plugins/authplain/auth.php(467): preg_match('/*regretf*/i', '4800lightbulbs')
  #2 /home/jumpsta1/public_html/jumpstart.gg/wiki/lib/plugins/authplain/auth.php(318): auth_plugin_authplain->filter('4800lightbulbs', Array)
  #3 /home/jumpsta1/public_html/jumpstart.gg/wiki/lib/plugins/jumpstart/action.php(89): auth_plugin_authplain->retrieveUsers(0, 20, Array)
  #4 /home/jumpsta1/public_html/jumpstart.gg/wiki/inc/Extension/EventHandler.php(80): action_plugin_jumpstart->handle_userprofile_api(Object(dokuwiki\Extension\Event), NULL)
  #5 /home/jumpsta1/public_html/jumpstart.gg/wiki/inc/Extension/Event.php(75): dokuwiki\Extension\EventHandler->process_event(Object(dokuwiki\Extension\Event), 'BEFORE')
  #6 /home/jumpsta1/public_html/jumpstart.gg/wiki/inc/ActionRouter.php(83): dokuwiki\Extension\Event->advise_before()
  #7 /home/jumpsta1/public_html/jumpstart.gg/wiki/inc/ActionRouter.php(49): dokuwiki\ActionRouter->setupAction('searchusers')
  #8 /home/jumpsta1/public_html/jumpstart.gg/wiki/inc/ActionRouter.php(62): dokuwiki\ActionRouter->__construct()
  #9 /home/jumpsta1/public_html/jumpstart.gg/wiki/inc/actions.php(19): dokuwiki\ActionRouter::getInstance(true)
  #10 /home/jumpsta1/public_html/jumpstart.gg/wiki/doku.php(131): act_dispatch()
  #11 {main}
2026-06-18 21:08:06	/home/jumpsta1/public_html/jumpstart.gg/wiki/lib/plugins/authplain/auth.php(467)	E_WARNING: preg_match(): Compilation failed: quantifier does not follow a repeatable item at offset 0
  #0 [internal function]: dokuwiki\ErrorHandler::errorHandler(2, 'preg_match(): C...', '/home/jumpsta1/...', 467)
  #1 /home/jumpsta1/public_html/jumpstart.gg/wiki/lib/plugins/authplain/auth.php(467): preg_match('/*regretf*/i', 'awooga_dl')
  #2 /home/jumpsta1/public_html/jumpstart.gg/wiki/lib/plugins/authplain/auth.php(318): auth_plugin_authplain->filter('awooga_dl', Array)
  #3 /home/jumpsta1/public_html/jumpstart.gg/wiki/lib/plugins/jumpstart/action.php(89): auth_plugin_authplain->retrieveUsers(0, 20, Array)
  #4 /home/jumpsta1/public_html/jumpstart.gg/wiki/inc/Extension/EventHandler.php(80): action_plugin_jumpstart->handle_userprofile_api(Object(dokuwiki\Extension\Event), NULL)
  #5 /home/jumpsta1/public_html/jumpstart.gg/wiki/inc/Extension/Event.php(75): dokuwiki\Extension\EventHandler->process_event(Object(dokuwiki\Extension\Event), 'BEFORE')
  #6 /home/jumpsta1/public_html/jumpstart.gg/wiki/inc/ActionRouter.php(83): dokuwiki\Extension\Event->advise_before()
  #7 /home/jumpsta1/public_html/jumpstart.gg/wiki/inc/ActionRouter.php(49): dokuwiki\ActionRouter->setupAction('searchusers')
  #8 /home/jumpsta1/public_html/jumpstart.gg/wiki/inc/ActionRouter.php(62): dokuwiki\ActionRouter->__construct()
  #9 /home/jumpsta1/public_html/jumpstart.gg/wiki/inc/actions.php(19): dokuwiki\ActionRouter::getInstance(true)
  #10 /home/jumpsta1/public_html/jumpstart.gg/wiki/doku.php(131): act_dispatch()
  #11 {main}
2026-06-18 21:08:06	/home/jumpsta1/public_html/jumpstart.gg/wiki/lib/plugins/authplain/auth.php(467)	E_WARNING: preg_match(): Compilation failed: quantifier does not follow a repeatable item at offset 0
  #0 [internal function]: dokuwiki\ErrorHandler::errorHandler(2, 'preg_match(): C...', '/home/jumpsta1/...', 467)
  #1 /home/jumpsta1/public_html/jumpstart.gg/wiki/lib/plugins/authplain/auth.php(467): preg_match('/*regretf*/i', 'jumpstartadmin')
  #2 /home/jumpsta1/public_html/jumpstart.gg/wiki/lib/plugins/authplain/auth.php(318): auth_plugin_authplain->filter('jumpstartadmin', Array)
  #3 /home/jumpsta1/public_html/jumpstart.gg/wiki/lib/plugins/jumpstart/action.php(89): auth_plugin_authplain->retrieveUsers(0, 20, Array)
  #4 /home/jumpsta1/public_html/jumpstart.gg/wiki/inc/Extension/EventHandler.php(80): action_plugin_jumpstart->handle_userprofile_api(Object(dokuwiki\Extension\Event), NULL)
  #5 /home/jumpsta1/public_html/jumpstart.gg/wiki/inc/Extension/Event.php(75): dokuwiki\Extension\EventHandler->process_event(Object(dokuwiki\Extension\Event), 'BEFORE')
  #6 /home/jumpsta1/public_html/jumpstart.gg/wiki/inc/ActionRouter.php(83): dokuwiki\Extension\Event->advise_before()
  #7 /home/jumpsta1/public_html/jumpstart.gg/wiki/inc/ActionRouter.php(49): dokuwiki\ActionRouter->setupAction('searchusers')
  #8 /home/jumpsta1/public_html/jumpstart.gg/wiki/inc/ActionRouter.php(62): dokuwiki\ActionRouter->__construct()
  #9 /home/jumpsta1/public_html/jumpstart.gg/wiki/inc/actions.php(19): dokuwiki\ActionRouter::getInstance(true)
  #10 /home/jumpsta1/public_html/jumpstart.gg/wiki/doku.php(131): act_dispatch()
  #11 {main}
2026-06-18 21:08:06	/home/jumpsta1/public_html/jumpstart.gg/wiki/lib/plugins/authplain/auth.php(467)	E_WARNING: preg_match(): Compilation failed: quantifier does not follow a repeatable item at offset 0
  #0 [internal function]: dokuwiki\ErrorHandler::errorHandler(2, 'preg_match(): C...', '/home/jumpsta1/...', 467)
  #1 /home/jumpsta1/public_html/jumpstart.gg/wiki/lib/plugins/authplain/auth.php(467): preg_match('/*regretf*/i', 'limelight')
  #2 /home/jumpsta1/public_html/jumpstart.gg/wiki/lib/plugins/authplain/auth.php(318): auth_plugin_authplain->filter('limelight', Array)
  #3 /home/jumpsta1/public_html/jumpstart.gg/wiki/lib/plugins/jumpstart/action.php(89): auth_plugin_authplain->retrieveUsers(0, 20, Array)
  #4 /home/jumpsta1/public_html/jumpstart.gg/wiki/inc/Extension/EventHandler.php(80): action_plugin_jumpstart->handle_userprofile_api(Object(dokuwiki\Extension\Event), NULL)
  #5 /home/jumpsta1/public_html/jumpstart.gg/wiki/inc/Extension/Event.php(75): dokuwiki\Extension\EventHandler->process_event(Object(dokuwiki\Extension\Event), 'BEFORE')
  #6 /home/jumpsta1/public_html/jumpstart.gg/wiki/inc/ActionRouter.php(83): dokuwiki\Extension\Event->advise_before()
  #7 /home/jumpsta1/public_html/jumpstart.gg/wiki/inc/ActionRouter.php(49): dokuwiki\ActionRouter->setupAction('searchusers')
  #8 /home/jumpsta1/public_html/jumpstart.gg/wiki/inc/ActionRouter.php(62): dokuwiki\ActionRouter->__construct()
  #9 /home/jumpsta1/public_html/jumpstart.gg/wiki/inc/actions.php(19): dokuwiki\ActionRouter::getInstance(true)
  #10 /home/jumpsta1/public_html/jumpstart.gg/wiki/doku.php(131): act_dispatch()
  #11 {main}
2026-06-18 21:08:07	/home/jumpsta1/public_html/jumpstart.gg/wiki/lib/plugins/authplain/auth.php(470)	E_WARNING: preg_match(): Compilation failed: quantifier does not follow a repeatable item at offset 0
  #0 [internal function]: dokuwiki\ErrorHandler::errorHandler(2, 'preg_match(): C...', '/home/jumpsta1/...', 470)
  #1 /home/jumpsta1/public_html/jumpstart.gg/wiki/lib/plugins/authplain/auth.php(470): preg_match('/*regretful*/i', 'LimeLight')
  #2 /home/jumpsta1/public_html/jumpstart.gg/wiki/lib/plugins/authplain/auth.php(318): auth_plugin_authplain->filter('4800lightbulbs', Array)
  #3 /home/jumpsta1/public_html/jumpstart.gg/wiki/lib/plugins/jumpstart/action.php(88): auth_plugin_authplain->retrieveUsers(0, 20, Array)
  #4 /home/jumpsta1/public_html/jumpstart.gg/wiki/inc/Extension/EventHandler.php(80): action_plugin_jumpstart->handle_userprofile_api(Object(dokuwiki\Extension\Event), NULL)
  #5 /home/jumpsta1/public_html/jumpstart.gg/wiki/inc/Extension/Event.php(75): dokuwiki\Extension\EventHandler->process_event(Object(dokuwiki\Extension\Event), 'BEFORE')
  #6 /home/jumpsta1/public_html/jumpstart.gg/wiki/inc/ActionRouter.php(83): dokuwiki\Extension\Event->advise_before()
  #7 /home/jumpsta1/public_html/jumpstart.gg/wiki/inc/ActionRouter.php(49): dokuwiki\ActionRouter->setupAction('searchusers')
  #8 /home/jumpsta1/public_html/jumpstart.gg/wiki/inc/ActionRouter.php(62): dokuwiki\ActionRouter->__construct()
  #9 /home/jumpsta1/public_html/jumpstart.gg/wiki/inc/actions.php(19): dokuwiki\ActionRouter::getInstance(true)
  #10 /home/jumpsta1/public_html/jumpstart.gg/wiki/doku.php(131): act_dispatch()
  #11 {main}
2026-06-18 21:08:07	/home/jumpsta1/public_html/jumpstart.gg/wiki/lib/plugins/authplain/auth.php(470)	E_WARNING: preg_match(): Compilation failed: quantifier does not follow a repeatable item at offset 0
  #0 [internal function]: dokuwiki\ErrorHandler::errorHandler(2, 'preg_match(): C...', '/home/jumpsta1/...', 470)
  #1 /home/jumpsta1/public_html/jumpstart.gg/wiki/lib/plugins/authplain/auth.php(470): preg_match('/*regretful*/i', 'Awooga')
  #2 /home/jumpsta1/public_html/jumpstart.gg/wiki/lib/plugins/authplain/auth.php(318): auth_plugin_authplain->filter('awooga_dl', Array)
  #3 /home/jumpsta1/public_html/jumpstart.gg/wiki/lib/plugins/jumpstart/action.php(88): auth_plugin_authplain->retrieveUsers(0, 20, Array)
  #4 /home/jumpsta1/public_html/jumpstart.gg/wiki/inc/Extension/EventHandler.php(80): action_plugin_jumpstart->handle_userprofile_api(Object(dokuwiki\Extension\Event), NULL)
  #5 /home/jumpsta1/public_html/jumpstart.gg/wiki/inc/Extension/Event.php(75): dokuwiki\Extension\EventHandler->process_event(Object(dokuwiki\Extension\Event), 'BEFORE')
  #6 /home/jumpsta1/public_html/jumpstart.gg/wiki/inc/ActionRouter.php(83): dokuwiki\Extension\Event->advise_before()
  #7 /home/jumpsta1/public_html/jumpstart.gg/wiki/inc/ActionRouter.php(49): dokuwiki\ActionRouter->setupAction('searchusers')
  #8 /home/jumpsta1/public_html/jumpstart.gg/wiki/inc/ActionRouter.php(62): dokuwiki\ActionRouter->__construct()
  #9 /home/jumpsta1/public_html/jumpstart.gg/wiki/inc/actions.php(19): dokuwiki\ActionRouter::getInstance(true)
  #10 /home/jumpsta1/public_html/jumpstart.gg/wiki/doku.php(131): act_dispatch()
  #11 {main}
2026-06-18 21:08:07	/home/jumpsta1/public_html/jumpstart.gg/wiki/lib/plugins/authplain/auth.php(470)	E_WARNING: preg_match(): Compilation failed: quantifier does not follow a repeatable item at offset 0
  #0 [internal function]: dokuwiki\ErrorHandler::errorHandler(2, 'preg_match(): C...', '/home/jumpsta1/...', 470)
  #1 /home/jumpsta1/public_html/jumpstart.gg/wiki/lib/plugins/authplain/auth.php(470): preg_match('/*regretful*/i', 'RegretfulCurve')
  #2 /home/jumpsta1/public_html/jumpstart.gg/wiki/lib/plugins/authplain/auth.php(318): auth_plugin_authplain->filter('jumpstartadmin', Array)
  #3 /home/jumpsta1/public_html/jumpstart.gg/wiki/lib/plugins/jumpstart/action.php(88): auth_plugin_authplain->retrieveUsers(0, 20, Array)
  #4 /home/jumpsta1/public_html/jumpstart.gg/wiki/inc/Extension/EventHandler.php(80): action_plugin_jumpstart->handle_userprofile_api(Object(dokuwiki\Extension\Event), NULL)
  #5 /home/jumpsta1/public_html/jumpstart.gg/wiki/inc/Extension/Event.php(75): dokuwiki\Extension\EventHandler->process_event(Object(dokuwiki\Extension\Event), 'BEFORE')
  #6 /home/jumpsta1/public_html/jumpstart.gg/wiki/inc/ActionRouter.php(83): dokuwiki\Extension\Event->advise_before()
  #7 /home/jumpsta1/public_html/jumpstart.gg/wiki/inc/ActionRouter.php(49): dokuwiki\ActionRouter->setupAction('searchusers')
  #8 /home/jumpsta1/public_html/jumpstart.gg/wiki/inc/ActionRouter.php(62): dokuwiki\ActionRouter->__construct()
  #9 /home/jumpsta1/public_html/jumpstart.gg/wiki/inc/actions.php(19): dokuwiki\ActionRouter::getInstance(true)
  #10 /home/jumpsta1/public_html/jumpstart.gg/wiki/doku.php(131): act_dispatch()
  #11 {main}
2026-06-18 21:08:07	/home/jumpsta1/public_html/jumpstart.gg/wiki/lib/plugins/authplain/auth.php(470)	E_WARNING: preg_match(): Compilation failed: quantifier does not follow a repeatable item at offset 0
  #0 [internal function]: dokuwiki\ErrorHandler::errorHandler(2, 'preg_match(): C...', '/home/jumpsta1/...', 470)
  #1 /home/jumpsta1/public_html/jumpstart.gg/wiki/lib/plugins/authplain/auth.php(470): preg_match('/*regretful*/i', 'LimeLight')
  #2 /home/jumpsta1/public_html/jumpstart.gg/wiki/lib/plugins/authplain/auth.php(318): auth_plugin_authplain->filter('limelight', Array)
  #3 /home/jumpsta1/public_html/jumpstart.gg/wiki/lib/plugins/jumpstart/action.php(88): auth_plugin_authplain->retrieveUsers(0, 20, Array)
  #4 /home/jumpsta1/public_html/jumpstart.gg/wiki/inc/Extension/EventHandler.php(80): action_plugin_jumpstart->handle_userprofile_api(Object(dokuwiki\Extension\Event), NULL)
  #5 /home/jumpsta1/public_html/jumpstart.gg/wiki/inc/Extension/Event.php(75): dokuwiki\Extension\EventHandler->process_event(Object(dokuwiki\Extension\Event), 'BEFORE')
  #6 /home/jumpsta1/public_html/jumpstart.gg/wiki/inc/ActionRouter.php(83): dokuwiki\Extension\Event->advise_before()
  #7 /home/jumpsta1/public_html/jumpstart.gg/wiki/inc/ActionRouter.php(49): dokuwiki\ActionRouter->setupAction('searchusers')
  #8 /home/jumpsta1/public_html/jumpstart.gg/wiki/inc/ActionRouter.php(62): dokuwiki\ActionRouter->__construct()
  #9 /home/jumpsta1/public_html/jumpstart.gg/wiki/inc/actions.php(19): dokuwiki\ActionRouter::getInstance(true)
  #10 /home/jumpsta1/public_html/jumpstart.gg/wiki/doku.php(131): act_dispatch()
  #11 {main}
2026-06-18 21:08:07	/home/jumpsta1/public_html/jumpstart.gg/wiki/lib/plugins/authplain/auth.php(467)	E_WARNING: preg_match(): Compilation failed: quantifier does not follow a repeatable item at offset 0
  #0 [internal function]: dokuwiki\ErrorHandler::errorHandler(2, 'preg_match(): C...', '/home/jumpsta1/...', 467)
  #1 /home/jumpsta1/public_html/jumpstart.gg/wiki/lib/plugins/authplain/auth.php(467): preg_match('/*regretful*/i', '4800lightbulbs')
  #2 /home/jumpsta1/public_html/jumpstart.gg/wiki/lib/plugins/authplain/auth.php(318): auth_plugin_authplain->filter('4800lightbulbs', Array)
  #3 /home/jumpsta1/public_html/jumpstart.gg/wiki/lib/plugins/jumpstart/action.php(89): auth_plugin_authplain->retrieveUsers(0, 20, Array)
  #4 /home/jumpsta1/public_html/jumpstart.gg/wiki/inc/Extension/EventHandler.php(80): action_plugin_jumpstart->handle_userprofile_api(Object(dokuwiki\Extension\Event), NULL)
  #5 /home/jumpsta1/public_html/jumpstart.gg/wiki/inc/Extension/Event.php(75): dokuwiki\Extension\EventHandler->process_event(Object(dokuwiki\Extension\Event), 'BEFORE')
  #6 /home/jumpsta1/public_html/jumpstart.gg/wiki/inc/ActionRouter.php(83): dokuwiki\Extension\Event->advise_before()
  #7 /home/jumpsta1/public_html/jumpstart.gg/wiki/inc/ActionRouter.php(49): dokuwiki\ActionRouter->setupAction('searchusers')
  #8 /home/jumpsta1/public_html/jumpstart.gg/wiki/inc/ActionRouter.php(62): dokuwiki\ActionRouter->__construct()
  #9 /home/jumpsta1/public_html/jumpstart.gg/wiki/inc/actions.php(19): dokuwiki\ActionRouter::getInstance(true)
  #10 /home/jumpsta1/public_html/jumpstart.gg/wiki/doku.php(131): act_dispatch()
  #11 {main}
2026-06-18 21:08:07	/home/jumpsta1/public_html/jumpstart.gg/wiki/lib/plugins/authplain/auth.php(467)	E_WARNING: preg_match(): Compilation failed: quantifier does not follow a repeatable item at offset 0
  #0 [internal function]: dokuwiki\ErrorHandler::errorHandler(2, 'preg_match(): C...', '/home/jumpsta1/...', 467)
  #1 /home/jumpsta1/public_html/jumpstart.gg/wiki/lib/plugins/authplain/auth.php(467): preg_match('/*regretful*/i', 'awooga_dl')
  #2 /home/jumpsta1/public_html/jumpstart.gg/wiki/lib/plugins/authplain/auth.php(318): auth_plugin_authplain->filter('awooga_dl', Array)
  #3 /home/jumpsta1/public_html/jumpstart.gg/wiki/lib/plugins/jumpstart/action.php(89): auth_plugin_authplain->retrieveUsers(0, 20, Array)
  #4 /home/jumpsta1/public_html/jumpstart.gg/wiki/inc/Extension/EventHandler.php(80): action_plugin_jumpstart->handle_userprofile_api(Object(dokuwiki\Extension\Event), NULL)
  #5 /home/jumpsta1/public_html/jumpstart.gg/wiki/inc/Extension/Event.php(75): dokuwiki\Extension\EventHandler->process_event(Object(dokuwiki\Extension\Event), 'BEFORE')
  #6 /home/jumpsta1/public_html/jumpstart.gg/wiki/inc/ActionRouter.php(83): dokuwiki\Extension\Event->advise_before()
  #7 /home/jumpsta1/public_html/jumpstart.gg/wiki/inc/ActionRouter.php(49): dokuwiki\ActionRouter->setupAction('searchusers')
  #8 /home/jumpsta1/public_html/jumpstart.gg/wiki/inc/ActionRouter.php(62): dokuwiki\ActionRouter->__construct()
  #9 /home/jumpsta1/public_html/jumpstart.gg/wiki/inc/actions.php(19): dokuwiki\ActionRouter::getInstance(true)
  #10 /home/jumpsta1/public_html/jumpstart.gg/wiki/doku.php(131): act_dispatch()
  #11 {main}
2026-06-18 21:08:07	/home/jumpsta1/public_html/jumpstart.gg/wiki/lib/plugins/authplain/auth.php(467)	E_WARNING: preg_match(): Compilation failed: quantifier does not follow a repeatable item at offset 0
  #0 [internal function]: dokuwiki\ErrorHandler::errorHandler(2, 'preg_match(): C...', '/home/jumpsta1/...', 467)
  #1 /home/jumpsta1/public_html/jumpstart.gg/wiki/lib/plugins/authplain/auth.php(467): preg_match('/*regretful*/i', 'jumpstartadmin')
  #2 /home/jumpsta1/public_html/jumpstart.gg/wiki/lib/plugins/authplain/auth.php(318): auth_plugin_authplain->filter('jumpstartadmin', Array)
  #3 /home/jumpsta1/public_html/jumpstart.gg/wiki/lib/plugins/jumpstart/action.php(89): auth_plugin_authplain->retrieveUsers(0, 20, Array)
  #4 /home/jumpsta1/public_html/jumpstart.gg/wiki/inc/Extension/EventHandler.php(80): action_plugin_jumpstart->handle_userprofile_api(Object(dokuwiki\Extension\Event), NULL)
  #5 /home/jumpsta1/public_html/jumpstart.gg/wiki/inc/Extension/Event.php(75): dokuwiki\Extension\EventHandler->process_event(Object(dokuwiki\Extension\Event), 'BEFORE')
  #6 /home/jumpsta1/public_html/jumpstart.gg/wiki/inc/ActionRouter.php(83): dokuwiki\Extension\Event->advise_before()
  #7 /home/jumpsta1/public_html/jumpstart.gg/wiki/inc/ActionRouter.php(49): dokuwiki\ActionRouter->setupAction('searchusers')
  #8 /home/jumpsta1/public_html/jumpstart.gg/wiki/inc/ActionRouter.php(62): dokuwiki\ActionRouter->__construct()
  #9 /home/jumpsta1/public_html/jumpstart.gg/wiki/inc/actions.php(19): dokuwiki\ActionRouter::getInstance(true)
  #10 /home/jumpsta1/public_html/jumpstart.gg/wiki/doku.php(131): act_dispatch()
  #11 {main}
2026-06-18 21:08:07	/home/jumpsta1/public_html/jumpstart.gg/wiki/lib/plugins/authplain/auth.php(467)	E_WARNING: preg_match(): Compilation failed: quantifier does not follow a repeatable item at offset 0
  #0 [internal function]: dokuwiki\ErrorHandler::errorHandler(2, 'preg_match(): C...', '/home/jumpsta1/...', 467)
  #1 /home/jumpsta1/public_html/jumpstart.gg/wiki/lib/plugins/authplain/auth.php(467): preg_match('/*regretful*/i', 'limelight')
  #2 /home/jumpsta1/public_html/jumpstart.gg/wiki/lib/plugins/authplain/auth.php(318): auth_plugin_authplain->filter('limelight', Array)
  #3 /home/jumpsta1/public_html/jumpstart.gg/wiki/lib/plugins/jumpstart/action.php(89): auth_plugin_authplain->retrieveUsers(0, 20, Array)
  #4 /home/jumpsta1/public_html/jumpstart.gg/wiki/inc/Extension/EventHandler.php(80): action_plugin_jumpstart->handle_userprofile_api(Object(dokuwiki\Extension\Event), NULL)
  #5 /home/jumpsta1/public_html/jumpstart.gg/wiki/inc/Extension/Event.php(75): dokuwiki\Extension\EventHandler->process_event(Object(dokuwiki\Extension\Event), 'BEFORE')
  #6 /home/jumpsta1/public_html/jumpstart.gg/wiki/inc/ActionRouter.php(83): dokuwiki\Extension\Event->advise_before()
  #7 /home/jumpsta1/public_html/jumpstart.gg/wiki/inc/ActionRouter.php(49): dokuwiki\ActionRouter->setupAction('searchusers')
  #8 /home/jumpsta1/public_html/jumpstart.gg/wiki/inc/ActionRouter.php(62): dokuwiki\ActionRouter->__construct()
  #9 /home/jumpsta1/public_html/jumpstart.gg/wiki/inc/actions.php(19): dokuwiki\ActionRouter::getInstance(true)
  #10 /home/jumpsta1/public_html/jumpstart.gg/wiki/doku.php(131): act_dispatch()
  #11 {main}
2026-06-18 21:08:08	/home/jumpsta1/public_html/jumpstart.gg/wiki/lib/plugins/authplain/auth.php(470)	E_WARNING: preg_match(): Compilation failed: quantifier does not follow a repeatable item at offset 0
  #0 [internal function]: dokuwiki\ErrorHandler::errorHandler(2, 'preg_match(): C...', '/home/jumpsta1/...', 470)
  #1 /home/jumpsta1/public_html/jumpstart.gg/wiki/lib/plugins/authplain/auth.php(470): preg_match('/*regretfulc*/i', 'LimeLight')
  #2 /home/jumpsta1/public_html/jumpstart.gg/wiki/lib/plugins/authplain/auth.php(318): auth_plugin_authplain->filter('4800lightbulbs', Array)
  #3 /home/jumpsta1/public_html/jumpstart.gg/wiki/lib/plugins/jumpstart/action.php(88): auth_plugin_authplain->retrieveUsers(0, 20, Array)
  #4 /home/jumpsta1/public_html/jumpstart.gg/wiki/inc/Extension/EventHandler.php(80): action_plugin_jumpstart->handle_userprofile_api(Object(dokuwiki\Extension\Event), NULL)
  #5 /home/jumpsta1/public_html/jumpstart.gg/wiki/inc/Extension/Event.php(75): dokuwiki\Extension\EventHandler->process_event(Object(dokuwiki\Extension\Event), 'BEFORE')
  #6 /home/jumpsta1/public_html/jumpstart.gg/wiki/inc/ActionRouter.php(83): dokuwiki\Extension\Event->advise_before()
  #7 /home/jumpsta1/public_html/jumpstart.gg/wiki/inc/ActionRouter.php(49): dokuwiki\ActionRouter->setupAction('searchusers')
  #8 /home/jumpsta1/public_html/jumpstart.gg/wiki/inc/ActionRouter.php(62): dokuwiki\ActionRouter->__construct()
  #9 /home/jumpsta1/public_html/jumpstart.gg/wiki/inc/actions.php(19): dokuwiki\ActionRouter::getInstance(true)
  #10 /home/jumpsta1/public_html/jumpstart.gg/wiki/doku.php(131): act_dispatch()
  #11 {main}
2026-06-18 21:08:08	/home/jumpsta1/public_html/jumpstart.gg/wiki/lib/plugins/authplain/auth.php(470)	E_WARNING: preg_match(): Compilation failed: quantifier does not follow a repeatable item at offset 0
  #0 [internal function]: dokuwiki\ErrorHandler::errorHandler(2, 'preg_match(): C...', '/home/jumpsta1/...', 470)
  #1 /home/jumpsta1/public_html/jumpstart.gg/wiki/lib/plugins/authplain/auth.php(470): preg_match('/*regretfulc*/i', 'Awooga')
  #2 /home/jumpsta1/public_html/jumpstart.gg/wiki/lib/plugins/authplain/auth.php(318): auth_plugin_authplain->filter('awooga_dl', Array)
  #3 /home/jumpsta1/public_html/jumpstart.gg/wiki/lib/plugins/jumpstart/action.php(88): auth_plugin_authplain->retrieveUsers(0, 20, Array)
  #4 /home/jumpsta1/public_html/jumpstart.gg/wiki/inc/Extension/EventHandler.php(80): action_plugin_jumpstart->handle_userprofile_api(Object(dokuwiki\Extension\Event), NULL)
  #5 /home/jumpsta1/public_html/jumpstart.gg/wiki/inc/Extension/Event.php(75): dokuwiki\Extension\EventHandler->process_event(Object(dokuwiki\Extension\Event), 'BEFORE')
  #6 /home/jumpsta1/public_html/jumpstart.gg/wiki/inc/ActionRouter.php(83): dokuwiki\Extension\Event->advise_before()
  #7 /home/jumpsta1/public_html/jumpstart.gg/wiki/inc/ActionRouter.php(49): dokuwiki\ActionRouter->setupAction('searchusers')
  #8 /home/jumpsta1/public_html/jumpstart.gg/wiki/inc/ActionRouter.php(62): dokuwiki\ActionRouter->__construct()
  #9 /home/jumpsta1/public_html/jumpstart.gg/wiki/inc/actions.php(19): dokuwiki\ActionRouter::getInstance(true)
  #10 /home/jumpsta1/public_html/jumpstart.gg/wiki/doku.php(131): act_dispatch()
  #11 {main}
2026-06-18 21:08:08	/home/jumpsta1/public_html/jumpstart.gg/wiki/lib/plugins/authplain/auth.php(470)	E_WARNING: preg_match(): Compilation failed: quantifier does not follow a repeatable item at offset 0
  #0 [internal function]: dokuwiki\ErrorHandler::errorHandler(2, 'preg_match(): C...', '/home/jumpsta1/...', 470)
  #1 /home/jumpsta1/public_html/jumpstart.gg/wiki/lib/plugins/authplain/auth.php(470): preg_match('/*regretfulc*/i', 'RegretfulCurve')
  #2 /home/jumpsta1/public_html/jumpstart.gg/wiki/lib/plugins/authplain/auth.php(318): auth_plugin_authplain->filter('jumpstartadmin', Array)
  #3 /home/jumpsta1/public_html/jumpstart.gg/wiki/lib/plugins/jumpstart/action.php(88): auth_plugin_authplain->retrieveUsers(0, 20, Array)
  #4 /home/jumpsta1/public_html/jumpstart.gg/wiki/inc/Extension/EventHandler.php(80): action_plugin_jumpstart->handle_userprofile_api(Object(dokuwiki\Extension\Event), NULL)
  #5 /home/jumpsta1/public_html/jumpstart.gg/wiki/inc/Extension/Event.php(75): dokuwiki\Extension\EventHandler->process_event(Object(dokuwiki\Extension\Event), 'BEFORE')
  #6 /home/jumpsta1/public_html/jumpstart.gg/wiki/inc/ActionRouter.php(83): dokuwiki\Extension\Event->advise_before()
  #7 /home/jumpsta1/public_html/jumpstart.gg/wiki/inc/ActionRouter.php(49): dokuwiki\ActionRouter->setupAction('searchusers')
  #8 /home/jumpsta1/public_html/jumpstart.gg/wiki/inc/ActionRouter.php(62): dokuwiki\ActionRouter->__construct()
  #9 /home/jumpsta1/public_html/jumpstart.gg/wiki/inc/actions.php(19): dokuwiki\ActionRouter::getInstance(true)
  #10 /home/jumpsta1/public_html/jumpstart.gg/wiki/doku.php(131): act_dispatch()
  #11 {main}
2026-06-18 21:08:08	/home/jumpsta1/public_html/jumpstart.gg/wiki/lib/plugins/authplain/auth.php(470)	E_WARNING: preg_match(): Compilation failed: quantifier does not follow a repeatable item at offset 0
  #0 [internal function]: dokuwiki\ErrorHandler::errorHandler(2, 'preg_match(): C...', '/home/jumpsta1/...', 470)
  #1 /home/jumpsta1/public_html/jumpstart.gg/wiki/lib/plugins/authplain/auth.php(470): preg_match('/*regretfulc*/i', 'LimeLight')
  #2 /home/jumpsta1/public_html/jumpstart.gg/wiki/lib/plugins/authplain/auth.php(318): auth_plugin_authplain->filter('limelight', Array)
  #3 /home/jumpsta1/public_html/jumpstart.gg/wiki/lib/plugins/jumpstart/action.php(88): auth_plugin_authplain->retrieveUsers(0, 20, Array)
  #4 /home/jumpsta1/public_html/jumpstart.gg/wiki/inc/Extension/EventHandler.php(80): action_plugin_jumpstart->handle_userprofile_api(Object(dokuwiki\Extension\Event), NULL)
  #5 /home/jumpsta1/public_html/jumpstart.gg/wiki/inc/Extension/Event.php(75): dokuwiki\Extension\EventHandler->process_event(Object(dokuwiki\Extension\Event), 'BEFORE')
  #6 /home/jumpsta1/public_html/jumpstart.gg/wiki/inc/ActionRouter.php(83): dokuwiki\Extension\Event->advise_before()
  #7 /home/jumpsta1/public_html/jumpstart.gg/wiki/inc/ActionRouter.php(49): dokuwiki\ActionRouter->setupAction('searchusers')
  #8 /home/jumpsta1/public_html/jumpstart.gg/wiki/inc/ActionRouter.php(62): dokuwiki\ActionRouter->__construct()
  #9 /home/jumpsta1/public_html/jumpstart.gg/wiki/inc/actions.php(19): dokuwiki\ActionRouter::getInstance(true)
  #10 /home/jumpsta1/public_html/jumpstart.gg/wiki/doku.php(131): act_dispatch()
  #11 {main}
2026-06-18 21:08:08	/home/jumpsta1/public_html/jumpstart.gg/wiki/lib/plugins/authplain/auth.php(467)	E_WARNING: preg_match(): Compilation failed: quantifier does not follow a repeatable item at offset 0
  #0 [internal function]: dokuwiki\ErrorHandler::errorHandler(2, 'preg_match(): C...', '/home/jumpsta1/...', 467)
  #1 /home/jumpsta1/public_html/jumpstart.gg/wiki/lib/plugins/authplain/auth.php(467): preg_match('/*regretfulc*/i', '4800lightbulbs')
  #2 /home/jumpsta1/public_html/jumpstart.gg/wiki/lib/plugins/authplain/auth.php(318): auth_plugin_authplain->filter('4800lightbulbs', Array)
  #3 /home/jumpsta1/public_html/jumpstart.gg/wiki/lib/plugins/jumpstart/action.php(89): auth_plugin_authplain->retrieveUsers(0, 20, Array)
  #4 /home/jumpsta1/public_html/jumpstart.gg/wiki/inc/Extension/EventHandler.php(80): action_plugin_jumpstart->handle_userprofile_api(Object(dokuwiki\Extension\Event), NULL)
  #5 /home/jumpsta1/public_html/jumpstart.gg/wiki/inc/Extension/Event.php(75): dokuwiki\Extension\EventHandler->process_event(Object(dokuwiki\Extension\Event), 'BEFORE')
  #6 /home/jumpsta1/public_html/jumpstart.gg/wiki/inc/ActionRouter.php(83): dokuwiki\Extension\Event->advise_before()
  #7 /home/jumpsta1/public_html/jumpstart.gg/wiki/inc/ActionRouter.php(49): dokuwiki\ActionRouter->setupAction('searchusers')
  #8 /home/jumpsta1/public_html/jumpstart.gg/wiki/inc/ActionRouter.php(62): dokuwiki\ActionRouter->__construct()
  #9 /home/jumpsta1/public_html/jumpstart.gg/wiki/inc/actions.php(19): dokuwiki\ActionRouter::getInstance(true)
  #10 /home/jumpsta1/public_html/jumpstart.gg/wiki/doku.php(131): act_dispatch()
  #11 {main}
2026-06-18 21:08:08	/home/jumpsta1/public_html/jumpstart.gg/wiki/lib/plugins/authplain/auth.php(467)	E_WARNING: preg_match(): Compilation failed: quantifier does not follow a repeatable item at offset 0
  #0 [internal function]: dokuwiki\ErrorHandler::errorHandler(2, 'preg_match(): C...', '/home/jumpsta1/...', 467)
  #1 /home/jumpsta1/public_html/jumpstart.gg/wiki/lib/plugins/authplain/auth.php(467): preg_match('/*regretfulc*/i', 'awooga_dl')
  #2 /home/jumpsta1/public_html/jumpstart.gg/wiki/lib/plugins/authplain/auth.php(318): auth_plugin_authplain->filter('awooga_dl', Array)
  #3 /home/jumpsta1/public_html/jumpstart.gg/wiki/lib/plugins/jumpstart/action.php(89): auth_plugin_authplain->retrieveUsers(0, 20, Array)
  #4 /home/jumpsta1/public_html/jumpstart.gg/wiki/inc/Extension/EventHandler.php(80): action_plugin_jumpstart->handle_userprofile_api(Object(dokuwiki\Extension\Event), NULL)
  #5 /home/jumpsta1/public_html/jumpstart.gg/wiki/inc/Extension/Event.php(75): dokuwiki\Extension\EventHandler->process_event(Object(dokuwiki\Extension\Event), 'BEFORE')
  #6 /home/jumpsta1/public_html/jumpstart.gg/wiki/inc/ActionRouter.php(83): dokuwiki\Extension\Event->advise_before()
  #7 /home/jumpsta1/public_html/jumpstart.gg/wiki/inc/ActionRouter.php(49): dokuwiki\ActionRouter->setupAction('searchusers')
  #8 /home/jumpsta1/public_html/jumpstart.gg/wiki/inc/ActionRouter.php(62): dokuwiki\ActionRouter->__construct()
  #9 /home/jumpsta1/public_html/jumpstart.gg/wiki/inc/actions.php(19): dokuwiki\ActionRouter::getInstance(true)
  #10 /home/jumpsta1/public_html/jumpstart.gg/wiki/doku.php(131): act_dispatch()
  #11 {main}
2026-06-18 21:08:08	/home/jumpsta1/public_html/jumpstart.gg/wiki/lib/plugins/authplain/auth.php(467)	E_WARNING: preg_match(): Compilation failed: quantifier does not follow a repeatable item at offset 0
  #0 [internal function]: dokuwiki\ErrorHandler::errorHandler(2, 'preg_match(): C...', '/home/jumpsta1/...', 467)
  #1 /home/jumpsta1/public_html/jumpstart.gg/wiki/lib/plugins/authplain/auth.php(467): preg_match('/*regretfulc*/i', 'jumpstartadmin')
  #2 /home/jumpsta1/public_html/jumpstart.gg/wiki/lib/plugins/authplain/auth.php(318): auth_plugin_authplain->filter('jumpstartadmin', Array)
  #3 /home/jumpsta1/public_html/jumpstart.gg/wiki/lib/plugins/jumpstart/action.php(89): auth_plugin_authplain->retrieveUsers(0, 20, Array)
  #4 /home/jumpsta1/public_html/jumpstart.gg/wiki/inc/Extension/EventHandler.php(80): action_plugin_jumpstart->handle_userprofile_api(Object(dokuwiki\Extension\Event), NULL)
  #5 /home/jumpsta1/public_html/jumpstart.gg/wiki/inc/Extension/Event.php(75): dokuwiki\Extension\EventHandler->process_event(Object(dokuwiki\Extension\Event), 'BEFORE')
  #6 /home/jumpsta1/public_html/jumpstart.gg/wiki/inc/ActionRouter.php(83): dokuwiki\Extension\Event->advise_before()
  #7 /home/jumpsta1/public_html/jumpstart.gg/wiki/inc/ActionRouter.php(49): dokuwiki\ActionRouter->setupAction('searchusers')
  #8 /home/jumpsta1/public_html/jumpstart.gg/wiki/inc/ActionRouter.php(62): dokuwiki\ActionRouter->__construct()
  #9 /home/jumpsta1/public_html/jumpstart.gg/wiki/inc/actions.php(19): dokuwiki\ActionRouter::getInstance(true)
  #10 /home/jumpsta1/public_html/jumpstart.gg/wiki/doku.php(131): act_dispatch()
  #11 {main}
2026-06-18 21:08:08	/home/jumpsta1/public_html/jumpstart.gg/wiki/lib/plugins/authplain/auth.php(467)	E_WARNING: preg_match(): Compilation failed: quantifier does not follow a repeatable item at offset 0
  #0 [internal function]: dokuwiki\ErrorHandler::errorHandler(2, 'preg_match(): C...', '/home/jumpsta1/...', 467)
  #1 /home/jumpsta1/public_html/jumpstart.gg/wiki/lib/plugins/authplain/auth.php(467): preg_match('/*regretfulc*/i', 'limelight')
  #2 /home/jumpsta1/public_html/jumpstart.gg/wiki/lib/plugins/authplain/auth.php(318): auth_plugin_authplain->filter('limelight', Array)
  #3 /home/jumpsta1/public_html/jumpstart.gg/wiki/lib/plugins/jumpstart/action.php(89): auth_plugin_authplain->retrieveUsers(0, 20, Array)
  #4 /home/jumpsta1/public_html/jumpstart.gg/wiki/inc/Extension/EventHandler.php(80): action_plugin_jumpstart->handle_userprofile_api(Object(dokuwiki\Extension\Event), NULL)
  #5 /home/jumpsta1/public_html/jumpstart.gg/wiki/inc/Extension/Event.php(75): dokuwiki\Extension\EventHandler->process_event(Object(dokuwiki\Extension\Event), 'BEFORE')
  #6 /home/jumpsta1/public_html/jumpstart.gg/wiki/inc/ActionRouter.php(83): dokuwiki\Extension\Event->advise_before()
  #7 /home/jumpsta1/public_html/jumpstart.gg/wiki/inc/ActionRouter.php(49): dokuwiki\ActionRouter->setupAction('searchusers')
  #8 /home/jumpsta1/public_html/jumpstart.gg/wiki/inc/ActionRouter.php(62): dokuwiki\ActionRouter->__construct()
  #9 /home/jumpsta1/public_html/jumpstart.gg/wiki/inc/actions.php(19): dokuwiki\ActionRouter::getInstance(true)
  #10 /home/jumpsta1/public_html/jumpstart.gg/wiki/doku.php(131): act_dispatch()
  #11 {main}
2026-06-18 21:08:11	/home/jumpsta1/public_html/jumpstart.gg/wiki/lib/plugins/authplain/auth.php(470)	E_WARNING: preg_match(): Compilation failed: quantifier does not follow a repeatable item at offset 0
  #0 [internal function]: dokuwiki\ErrorHandler::errorHandler(2, 'preg_match(): C...', '/home/jumpsta1/...', 470)
  #1 /home/jumpsta1/public_html/jumpstart.gg/wiki/lib/plugins/authplain/auth.php(470): preg_match('/*regretfulcur*...', 'LimeLight')
  #2 /home/jumpsta1/public_html/jumpstart.gg/wiki/lib/plugins/authplain/auth.php(318): auth_plugin_authplain->filter('4800lightbulbs', Array)
  #3 /home/jumpsta1/public_html/jumpstart.gg/wiki/lib/plugins/jumpstart/action.php(88): auth_plugin_authplain->retrieveUsers(0, 20, Array)
  #4 /home/jumpsta1/public_html/jumpstart.gg/wiki/inc/Extension/EventHandler.php(80): action_plugin_jumpstart->handle_userprofile_api(Object(dokuwiki\Extension\Event), NULL)
  #5 /home/jumpsta1/public_html/jumpstart.gg/wiki/inc/Extension/Event.php(75): dokuwiki\Extension\EventHandler->process_event(Object(dokuwiki\Extension\Event), 'BEFORE')
  #6 /home/jumpsta1/public_html/jumpstart.gg/wiki/inc/ActionRouter.php(83): dokuwiki\Extension\Event->advise_before()
  #7 /home/jumpsta1/public_html/jumpstart.gg/wiki/inc/ActionRouter.php(49): dokuwiki\ActionRouter->setupAction('searchusers')
  #8 /home/jumpsta1/public_html/jumpstart.gg/wiki/inc/ActionRouter.php(62): dokuwiki\ActionRouter->__construct()
  #9 /home/jumpsta1/public_html/jumpstart.gg/wiki/inc/actions.php(19): dokuwiki\ActionRouter::getInstance(true)
  #10 /home/jumpsta1/public_html/jumpstart.gg/wiki/doku.php(131): act_dispatch()
  #11 {main}
2026-06-18 21:08:11	/home/jumpsta1/public_html/jumpstart.gg/wiki/lib/plugins/authplain/auth.php(470)	E_WARNING: preg_match(): Compilation failed: quantifier does not follow a repeatable item at offset 0
  #0 [internal function]: dokuwiki\ErrorHandler::errorHandler(2, 'preg_match(): C...', '/home/jumpsta1/...', 470)
  #1 /home/jumpsta1/public_html/jumpstart.gg/wiki/lib/plugins/authplain/auth.php(470): preg_match('/*regretfulcur*...', 'Awooga')
  #2 /home/jumpsta1/public_html/jumpstart.gg/wiki/lib/plugins/authplain/auth.php(318): auth_plugin_authplain->filter('awooga_dl', Array)
  #3 /home/jumpsta1/public_html/jumpstart.gg/wiki/lib/plugins/jumpstart/action.php(88): auth_plugin_authplain->retrieveUsers(0, 20, Array)
  #4 /home/jumpsta1/public_html/jumpstart.gg/wiki/inc/Extension/EventHandler.php(80): action_plugin_jumpstart->handle_userprofile_api(Object(dokuwiki\Extension\Event), NULL)
  #5 /home/jumpsta1/public_html/jumpstart.gg/wiki/inc/Extension/Event.php(75): dokuwiki\Extension\EventHandler->process_event(Object(dokuwiki\Extension\Event), 'BEFORE')
  #6 /home/jumpsta1/public_html/jumpstart.gg/wiki/inc/ActionRouter.php(83): dokuwiki\Extension\Event->advise_before()
  #7 /home/jumpsta1/public_html/jumpstart.gg/wiki/inc/ActionRouter.php(49): dokuwiki\ActionRouter->setupAction('searchusers')
  #8 /home/jumpsta1/public_html/jumpstart.gg/wiki/inc/ActionRouter.php(62): dokuwiki\ActionRouter->__construct()
  #9 /home/jumpsta1/public_html/jumpstart.gg/wiki/inc/actions.php(19): dokuwiki\ActionRouter::getInstance(true)
  #10 /home/jumpsta1/public_html/jumpstart.gg/wiki/doku.php(131): act_dispatch()
  #11 {main}
2026-06-18 21:08:11	/home/jumpsta1/public_html/jumpstart.gg/wiki/lib/plugins/authplain/auth.php(470)	E_WARNING: preg_match(): Compilation failed: quantifier does not follow a repeatable item at offset 0
  #0 [internal function]: dokuwiki\ErrorHandler::errorHandler(2, 'preg_match(): C...', '/home/jumpsta1/...', 470)
  #1 /home/jumpsta1/public_html/jumpstart.gg/wiki/lib/plugins/authplain/auth.php(470): preg_match('/*regretfulcur*...', 'RegretfulCurve')
  #2 /home/jumpsta1/public_html/jumpstart.gg/wiki/lib/plugins/authplain/auth.php(318): auth_plugin_authplain->filter('jumpstartadmin', Array)
  #3 /home/jumpsta1/public_html/jumpstart.gg/wiki/lib/plugins/jumpstart/action.php(88): auth_plugin_authplain->retrieveUsers(0, 20, Array)
  #4 /home/jumpsta1/public_html/jumpstart.gg/wiki/inc/Extension/EventHandler.php(80): action_plugin_jumpstart->handle_userprofile_api(Object(dokuwiki\Extension\Event), NULL)
  #5 /home/jumpsta1/public_html/jumpstart.gg/wiki/inc/Extension/Event.php(75): dokuwiki\Extension\EventHandler->process_event(Object(dokuwiki\Extension\Event), 'BEFORE')
  #6 /home/jumpsta1/public_html/jumpstart.gg/wiki/inc/ActionRouter.php(83): dokuwiki\Extension\Event->advise_before()
  #7 /home/jumpsta1/public_html/jumpstart.gg/wiki/inc/ActionRouter.php(49): dokuwiki\ActionRouter->setupAction('searchusers')
  #8 /home/jumpsta1/public_html/jumpstart.gg/wiki/inc/ActionRouter.php(62): dokuwiki\ActionRouter->__construct()
  #9 /home/jumpsta1/public_html/jumpstart.gg/wiki/inc/actions.php(19): dokuwiki\ActionRouter::getInstance(true)
  #10 /home/jumpsta1/public_html/jumpstart.gg/wiki/doku.php(131): act_dispatch()
  #11 {main}
2026-06-18 21:08:11	/home/jumpsta1/public_html/jumpstart.gg/wiki/lib/plugins/authplain/auth.php(470)	E_WARNING: preg_match(): Compilation failed: quantifier does not follow a repeatable item at offset 0
  #0 [internal function]: dokuwiki\ErrorHandler::errorHandler(2, 'preg_match(): C...', '/home/jumpsta1/...', 470)
  #1 /home/jumpsta1/public_html/jumpstart.gg/wiki/lib/plugins/authplain/auth.php(470): preg_match('/*regretfulcur*...', 'LimeLight')
  #2 /home/jumpsta1/public_html/jumpstart.gg/wiki/lib/plugins/authplain/auth.php(318): auth_plugin_authplain->filter('limelight', Array)
  #3 /home/jumpsta1/public_html/jumpstart.gg/wiki/lib/plugins/jumpstart/action.php(88): auth_plugin_authplain->retrieveUsers(0, 20, Array)
  #4 /home/jumpsta1/public_html/jumpstart.gg/wiki/inc/Extension/EventHandler.php(80): action_plugin_jumpstart->handle_userprofile_api(Object(dokuwiki\Extension\Event), NULL)
  #5 /home/jumpsta1/public_html/jumpstart.gg/wiki/inc/Extension/Event.php(75): dokuwiki\Extension\EventHandler->process_event(Object(dokuwiki\Extension\Event), 'BEFORE')
  #6 /home/jumpsta1/public_html/jumpstart.gg/wiki/inc/ActionRouter.php(83): dokuwiki\Extension\Event->advise_before()
  #7 /home/jumpsta1/public_html/jumpstart.gg/wiki/inc/ActionRouter.php(49): dokuwiki\ActionRouter->setupAction('searchusers')
  #8 /home/jumpsta1/public_html/jumpstart.gg/wiki/inc/ActionRouter.php(62): dokuwiki\ActionRouter->__construct()
  #9 /home/jumpsta1/public_html/jumpstart.gg/wiki/inc/actions.php(19): dokuwiki\ActionRouter::getInstance(true)
  #10 /home/jumpsta1/public_html/jumpstart.gg/wiki/doku.php(131): act_dispatch()
  #11 {main}
2026-06-18 21:08:11	/home/jumpsta1/public_html/jumpstart.gg/wiki/lib/plugins/authplain/auth.php(467)	E_WARNING: preg_match(): Compilation failed: quantifier does not follow a repeatable item at offset 0
  #0 [internal function]: dokuwiki\ErrorHandler::errorHandler(2, 'preg_match(): C...', '/home/jumpsta1/...', 467)
  #1 /home/jumpsta1/public_html/jumpstart.gg/wiki/lib/plugins/authplain/auth.php(467): preg_match('/*regretfulcur*...', '4800lightbulbs')
  #2 /home/jumpsta1/public_html/jumpstart.gg/wiki/lib/plugins/authplain/auth.php(318): auth_plugin_authplain->filter('4800lightbulbs', Array)
  #3 /home/jumpsta1/public_html/jumpstart.gg/wiki/lib/plugins/jumpstart/action.php(89): auth_plugin_authplain->retrieveUsers(0, 20, Array)
  #4 /home/jumpsta1/public_html/jumpstart.gg/wiki/inc/Extension/EventHandler.php(80): action_plugin_jumpstart->handle_userprofile_api(Object(dokuwiki\Extension\Event), NULL)
  #5 /home/jumpsta1/public_html/jumpstart.gg/wiki/inc/Extension/Event.php(75): dokuwiki\Extension\EventHandler->process_event(Object(dokuwiki\Extension\Event), 'BEFORE')
  #6 /home/jumpsta1/public_html/jumpstart.gg/wiki/inc/ActionRouter.php(83): dokuwiki\Extension\Event->advise_before()
  #7 /home/jumpsta1/public_html/jumpstart.gg/wiki/inc/ActionRouter.php(49): dokuwiki\ActionRouter->setupAction('searchusers')
  #8 /home/jumpsta1/public_html/jumpstart.gg/wiki/inc/ActionRouter.php(62): dokuwiki\ActionRouter->__construct()
  #9 /home/jumpsta1/public_html/jumpstart.gg/wiki/inc/actions.php(19): dokuwiki\ActionRouter::getInstance(true)
  #10 /home/jumpsta1/public_html/jumpstart.gg/wiki/doku.php(131): act_dispatch()
  #11 {main}
2026-06-18 21:08:11	/home/jumpsta1/public_html/jumpstart.gg/wiki/lib/plugins/authplain/auth.php(467)	E_WARNING: preg_match(): Compilation failed: quantifier does not follow a repeatable item at offset 0
  #0 [internal function]: dokuwiki\ErrorHandler::errorHandler(2, 'preg_match(): C...', '/home/jumpsta1/...', 467)
  #1 /home/jumpsta1/public_html/jumpstart.gg/wiki/lib/plugins/authplain/auth.php(467): preg_match('/*regretfulcur*...', 'awooga_dl')
  #2 /home/jumpsta1/public_html/jumpstart.gg/wiki/lib/plugins/authplain/auth.php(318): auth_plugin_authplain->filter('awooga_dl', Array)
  #3 /home/jumpsta1/public_html/jumpstart.gg/wiki/lib/plugins/jumpstart/action.php(89): auth_plugin_authplain->retrieveUsers(0, 20, Array)
  #4 /home/jumpsta1/public_html/jumpstart.gg/wiki/inc/Extension/EventHandler.php(80): action_plugin_jumpstart->handle_userprofile_api(Object(dokuwiki\Extension\Event), NULL)
  #5 /home/jumpsta1/public_html/jumpstart.gg/wiki/inc/Extension/Event.php(75): dokuwiki\Extension\EventHandler->process_event(Object(dokuwiki\Extension\Event), 'BEFORE')
  #6 /home/jumpsta1/public_html/jumpstart.gg/wiki/inc/ActionRouter.php(83): dokuwiki\Extension\Event->advise_before()
  #7 /home/jumpsta1/public_html/jumpstart.gg/wiki/inc/ActionRouter.php(49): dokuwiki\ActionRouter->setupAction('searchusers')
  #8 /home/jumpsta1/public_html/jumpstart.gg/wiki/inc/ActionRouter.php(62): dokuwiki\ActionRouter->__construct()
  #9 /home/jumpsta1/public_html/jumpstart.gg/wiki/inc/actions.php(19): dokuwiki\ActionRouter::getInstance(true)
  #10 /home/jumpsta1/public_html/jumpstart.gg/wiki/doku.php(131): act_dispatch()
  #11 {main}
2026-06-18 21:08:11	/home/jumpsta1/public_html/jumpstart.gg/wiki/lib/plugins/authplain/auth.php(467)	E_WARNING: preg_match(): Compilation failed: quantifier does not follow a repeatable item at offset 0
  #0 [internal function]: dokuwiki\ErrorHandler::errorHandler(2, 'preg_match(): C...', '/home/jumpsta1/...', 467)
  #1 /home/jumpsta1/public_html/jumpstart.gg/wiki/lib/plugins/authplain/auth.php(467): preg_match('/*regretfulcur*...', 'jumpstartadmin')
  #2 /home/jumpsta1/public_html/jumpstart.gg/wiki/lib/plugins/authplain/auth.php(318): auth_plugin_authplain->filter('jumpstartadmin', Array)
  #3 /home/jumpsta1/public_html/jumpstart.gg/wiki/lib/plugins/jumpstart/action.php(89): auth_plugin_authplain->retrieveUsers(0, 20, Array)
  #4 /home/jumpsta1/public_html/jumpstart.gg/wiki/inc/Extension/EventHandler.php(80): action_plugin_jumpstart->handle_userprofile_api(Object(dokuwiki\Extension\Event), NULL)
  #5 /home/jumpsta1/public_html/jumpstart.gg/wiki/inc/Extension/Event.php(75): dokuwiki\Extension\EventHandler->process_event(Object(dokuwiki\Extension\Event), 'BEFORE')
  #6 /home/jumpsta1/public_html/jumpstart.gg/wiki/inc/ActionRouter.php(83): dokuwiki\Extension\Event->advise_before()
  #7 /home/jumpsta1/public_html/jumpstart.gg/wiki/inc/ActionRouter.php(49): dokuwiki\ActionRouter->setupAction('searchusers')
  #8 /home/jumpsta1/public_html/jumpstart.gg/wiki/inc/ActionRouter.php(62): dokuwiki\ActionRouter->__construct()
  #9 /home/jumpsta1/public_html/jumpstart.gg/wiki/inc/actions.php(19): dokuwiki\ActionRouter::getInstance(true)
  #10 /home/jumpsta1/public_html/jumpstart.gg/wiki/doku.php(131): act_dispatch()
  #11 {main}
2026-06-18 21:08:11	/home/jumpsta1/public_html/jumpstart.gg/wiki/lib/plugins/authplain/auth.php(467)	E_WARNING: preg_match(): Compilation failed: quantifier does not follow a repeatable item at offset 0
  #0 [internal function]: dokuwiki\ErrorHandler::errorHandler(2, 'preg_match(): C...', '/home/jumpsta1/...', 467)
  #1 /home/jumpsta1/public_html/jumpstart.gg/wiki/lib/plugins/authplain/auth.php(467): preg_match('/*regretfulcur*...', 'limelight')
  #2 /home/jumpsta1/public_html/jumpstart.gg/wiki/lib/plugins/authplain/auth.php(318): auth_plugin_authplain->filter('limelight', Array)
  #3 /home/jumpsta1/public_html/jumpstart.gg/wiki/lib/plugins/jumpstart/action.php(89): auth_plugin_authplain->retrieveUsers(0, 20, Array)
  #4 /home/jumpsta1/public_html/jumpstart.gg/wiki/inc/Extension/EventHandler.php(80): action_plugin_jumpstart->handle_userprofile_api(Object(dokuwiki\Extension\Event), NULL)
  #5 /home/jumpsta1/public_html/jumpstart.gg/wiki/inc/Extension/Event.php(75): dokuwiki\Extension\EventHandler->process_event(Object(dokuwiki\Extension\Event), 'BEFORE')
  #6 /home/jumpsta1/public_html/jumpstart.gg/wiki/inc/ActionRouter.php(83): dokuwiki\Extension\Event->advise_before()
  #7 /home/jumpsta1/public_html/jumpstart.gg/wiki/inc/ActionRouter.php(49): dokuwiki\ActionRouter->setupAction('searchusers')
  #8 /home/jumpsta1/public_html/jumpstart.gg/wiki/inc/ActionRouter.php(62): dokuwiki\ActionRouter->__construct()
  #9 /home/jumpsta1/public_html/jumpstart.gg/wiki/inc/actions.php(19): dokuwiki\ActionRouter::getInstance(true)
  #10 /home/jumpsta1/public_html/jumpstart.gg/wiki/doku.php(131): act_dispatch()
  #11 {main}
2026-06-18 21:08:13	/home/jumpsta1/public_html/jumpstart.gg/wiki/lib/plugins/authplain/auth.php(470)	E_WARNING: preg_match(): Compilation failed: quantifier does not follow a repeatable item at offset 0
  #0 [internal function]: dokuwiki\ErrorHandler::errorHandler(2, 'preg_match(): C...', '/home/jumpsta1/...', 470)
  #1 /home/jumpsta1/public_html/jumpstart.gg/wiki/lib/plugins/authplain/auth.php(470): preg_match('/*@regret*/i', 'LimeLight')
  #2 /home/jumpsta1/public_html/jumpstart.gg/wiki/lib/plugins/authplain/auth.php(318): auth_plugin_authplain->filter('4800lightbulbs', Array)
  #3 /home/jumpsta1/public_html/jumpstart.gg/wiki/lib/plugins/jumpstart/action.php(88): auth_plugin_authplain->retrieveUsers(0, 20, Array)
  #4 /home/jumpsta1/public_html/jumpstart.gg/wiki/inc/Extension/EventHandler.php(80): action_plugin_jumpstart->handle_userprofile_api(Object(dokuwiki\Extension\Event), NULL)
  #5 /home/jumpsta1/public_html/jumpstart.gg/wiki/inc/Extension/Event.php(75): dokuwiki\Extension\EventHandler->process_event(Object(dokuwiki\Extension\Event), 'BEFORE')
  #6 /home/jumpsta1/public_html/jumpstart.gg/wiki/inc/ActionRouter.php(83): dokuwiki\Extension\Event->advise_before()
  #7 /home/jumpsta1/public_html/jumpstart.gg/wiki/inc/ActionRouter.php(49): dokuwiki\ActionRouter->setupAction('searchusers')
  #8 /home/jumpsta1/public_html/jumpstart.gg/wiki/inc/ActionRouter.php(62): dokuwiki\ActionRouter->__construct()
  #9 /home/jumpsta1/public_html/jumpstart.gg/wiki/inc/actions.php(19): dokuwiki\ActionRouter::getInstance(true)
  #10 /home/jumpsta1/public_html/jumpstart.gg/wiki/doku.php(131): act_dispatch()
  #11 {main}
2026-06-18 21:08:13	/home/jumpsta1/public_html/jumpstart.gg/wiki/lib/plugins/authplain/auth.php(470)	E_WARNING: preg_match(): Compilation failed: quantifier does not follow a repeatable item at offset 0
  #0 [internal function]: dokuwiki\ErrorHandler::errorHandler(2, 'preg_match(): C...', '/home/jumpsta1/...', 470)
  #1 /home/jumpsta1/public_html/jumpstart.gg/wiki/lib/plugins/authplain/auth.php(470): preg_match('/*@regret*/i', 'Awooga')
  #2 /home/jumpsta1/public_html/jumpstart.gg/wiki/lib/plugins/authplain/auth.php(318): auth_plugin_authplain->filter('awooga_dl', Array)
  #3 /home/jumpsta1/public_html/jumpstart.gg/wiki/lib/plugins/jumpstart/action.php(88): auth_plugin_authplain->retrieveUsers(0, 20, Array)
  #4 /home/jumpsta1/public_html/jumpstart.gg/wiki/inc/Extension/EventHandler.php(80): action_plugin_jumpstart->handle_userprofile_api(Object(dokuwiki\Extension\Event), NULL)
  #5 /home/jumpsta1/public_html/jumpstart.gg/wiki/inc/Extension/Event.php(75): dokuwiki\Extension\EventHandler->process_event(Object(dokuwiki\Extension\Event), 'BEFORE')
  #6 /home/jumpsta1/public_html/jumpstart.gg/wiki/inc/ActionRouter.php(83): dokuwiki\Extension\Event->advise_before()
  #7 /home/jumpsta1/public_html/jumpstart.gg/wiki/inc/ActionRouter.php(49): dokuwiki\ActionRouter->setupAction('searchusers')
  #8 /home/jumpsta1/public_html/jumpstart.gg/wiki/inc/ActionRouter.php(62): dokuwiki\ActionRouter->__construct()
  #9 /home/jumpsta1/public_html/jumpstart.gg/wiki/inc/actions.php(19): dokuwiki\ActionRouter::getInstance(true)
  #10 /home/jumpsta1/public_html/jumpstart.gg/wiki/doku.php(131): act_dispatch()
  #11 {main}
2026-06-18 21:08:13	/home/jumpsta1/public_html/jumpstart.gg/wiki/lib/plugins/authplain/auth.php(470)	E_WARNING: preg_match(): Compilation failed: quantifier does not follow a repeatable item at offset 0
  #0 [internal function]: dokuwiki\ErrorHandler::errorHandler(2, 'preg_match(): C...', '/home/jumpsta1/...', 470)
  #1 /home/jumpsta1/public_html/jumpstart.gg/wiki/lib/plugins/authplain/auth.php(470): preg_match('/*@regret*/i', 'RegretfulCurve')
  #2 /home/jumpsta1/public_html/jumpstart.gg/wiki/lib/plugins/authplain/auth.php(318): auth_plugin_authplain->filter('jumpstartadmin', Array)
  #3 /home/jumpsta1/public_html/jumpstart.gg/wiki/lib/plugins/jumpstart/action.php(88): auth_plugin_authplain->retrieveUsers(0, 20, Array)
  #4 /home/jumpsta1/public_html/jumpstart.gg/wiki/inc/Extension/EventHandler.php(80): action_plugin_jumpstart->handle_userprofile_api(Object(dokuwiki\Extension\Event), NULL)
  #5 /home/jumpsta1/public_html/jumpstart.gg/wiki/inc/Extension/Event.php(75): dokuwiki\Extension\EventHandler->process_event(Object(dokuwiki\Extension\Event), 'BEFORE')
  #6 /home/jumpsta1/public_html/jumpstart.gg/wiki/inc/ActionRouter.php(83): dokuwiki\Extension\Event->advise_before()
  #7 /home/jumpsta1/public_html/jumpstart.gg/wiki/inc/ActionRouter.php(49): dokuwiki\ActionRouter->setupAction('searchusers')
  #8 /home/jumpsta1/public_html/jumpstart.gg/wiki/inc/ActionRouter.php(62): dokuwiki\ActionRouter->__construct()
  #9 /home/jumpsta1/public_html/jumpstart.gg/wiki/inc/actions.php(19): dokuwiki\ActionRouter::getInstance(true)
  #10 /home/jumpsta1/public_html/jumpstart.gg/wiki/doku.php(131): act_dispatch()
  #11 {main}
2026-06-18 21:08:13	/home/jumpsta1/public_html/jumpstart.gg/wiki/lib/plugins/authplain/auth.php(470)	E_WARNING: preg_match(): Compilation failed: quantifier does not follow a repeatable item at offset 0
  #0 [internal function]: dokuwiki\ErrorHandler::errorHandler(2, 'preg_match(): C...', '/home/jumpsta1/...', 470)
  #1 /home/jumpsta1/public_html/jumpstart.gg/wiki/lib/plugins/authplain/auth.php(470): preg_match('/*@regret*/i', 'LimeLight')
  #2 /home/jumpsta1/public_html/jumpstart.gg/wiki/lib/plugins/authplain/auth.php(318): auth_plugin_authplain->filter('limelight', Array)
  #3 /home/jumpsta1/public_html/jumpstart.gg/wiki/lib/plugins/jumpstart/action.php(88): auth_plugin_authplain->retrieveUsers(0, 20, Array)
  #4 /home/jumpsta1/public_html/jumpstart.gg/wiki/inc/Extension/EventHandler.php(80): action_plugin_jumpstart->handle_userprofile_api(Object(dokuwiki\Extension\Event), NULL)
  #5 /home/jumpsta1/public_html/jumpstart.gg/wiki/inc/Extension/Event.php(75): dokuwiki\Extension\EventHandler->process_event(Object(dokuwiki\Extension\Event), 'BEFORE')
  #6 /home/jumpsta1/public_html/jumpstart.gg/wiki/inc/ActionRouter.php(83): dokuwiki\Extension\Event->advise_before()
  #7 /home/jumpsta1/public_html/jumpstart.gg/wiki/inc/ActionRouter.php(49): dokuwiki\ActionRouter->setupAction('searchusers')
  #8 /home/jumpsta1/public_html/jumpstart.gg/wiki/inc/ActionRouter.php(62): dokuwiki\ActionRouter->__construct()
  #9 /home/jumpsta1/public_html/jumpstart.gg/wiki/inc/actions.php(19): dokuwiki\ActionRouter::getInstance(true)
  #10 /home/jumpsta1/public_html/jumpstart.gg/wiki/doku.php(131): act_dispatch()
  #11 {main}
2026-06-18 21:08:13	/home/jumpsta1/public_html/jumpstart.gg/wiki/lib/plugins/authplain/auth.php(467)	E_WARNING: preg_match(): Compilation failed: quantifier does not follow a repeatable item at offset 0
  #0 [internal function]: dokuwiki\ErrorHandler::errorHandler(2, 'preg_match(): C...', '/home/jumpsta1/...', 467)
  #1 /home/jumpsta1/public_html/jumpstart.gg/wiki/lib/plugins/authplain/auth.php(467): preg_match('/*@regret*/i', '4800lightbulbs')
  #2 /home/jumpsta1/public_html/jumpstart.gg/wiki/lib/plugins/authplain/auth.php(318): auth_plugin_authplain->filter('4800lightbulbs', Array)
  #3 /home/jumpsta1/public_html/jumpstart.gg/wiki/lib/plugins/jumpstart/action.php(89): auth_plugin_authplain->retrieveUsers(0, 20, Array)
  #4 /home/jumpsta1/public_html/jumpstart.gg/wiki/inc/Extension/EventHandler.php(80): action_plugin_jumpstart->handle_userprofile_api(Object(dokuwiki\Extension\Event), NULL)
  #5 /home/jumpsta1/public_html/jumpstart.gg/wiki/inc/Extension/Event.php(75): dokuwiki\Extension\EventHandler->process_event(Object(dokuwiki\Extension\Event), 'BEFORE')
  #6 /home/jumpsta1/public_html/jumpstart.gg/wiki/inc/ActionRouter.php(83): dokuwiki\Extension\Event->advise_before()
  #7 /home/jumpsta1/public_html/jumpstart.gg/wiki/inc/ActionRouter.php(49): dokuwiki\ActionRouter->setupAction('searchusers')
  #8 /home/jumpsta1/public_html/jumpstart.gg/wiki/inc/ActionRouter.php(62): dokuwiki\ActionRouter->__construct()
  #9 /home/jumpsta1/public_html/jumpstart.gg/wiki/inc/actions.php(19): dokuwiki\ActionRouter::getInstance(true)
  #10 /home/jumpsta1/public_html/jumpstart.gg/wiki/doku.php(131): act_dispatch()
  #11 {main}
2026-06-18 21:08:13	/home/jumpsta1/public_html/jumpstart.gg/wiki/lib/plugins/authplain/auth.php(467)	E_WARNING: preg_match(): Compilation failed: quantifier does not follow a repeatable item at offset 0
  #0 [internal function]: dokuwiki\ErrorHandler::errorHandler(2, 'preg_match(): C...', '/home/jumpsta1/...', 467)
  #1 /home/jumpsta1/public_html/jumpstart.gg/wiki/lib/plugins/authplain/auth.php(467): preg_match('/*@regret*/i', 'awooga_dl')
  #2 /home/jumpsta1/public_html/jumpstart.gg/wiki/lib/plugins/authplain/auth.php(318): auth_plugin_authplain->filter('awooga_dl', Array)
  #3 /home/jumpsta1/public_html/jumpstart.gg/wiki/lib/plugins/jumpstart/action.php(89): auth_plugin_authplain->retrieveUsers(0, 20, Array)
  #4 /home/jumpsta1/public_html/jumpstart.gg/wiki/inc/Extension/EventHandler.php(80): action_plugin_jumpstart->handle_userprofile_api(Object(dokuwiki\Extension\Event), NULL)
  #5 /home/jumpsta1/public_html/jumpstart.gg/wiki/inc/Extension/Event.php(75): dokuwiki\Extension\EventHandler->process_event(Object(dokuwiki\Extension\Event), 'BEFORE')
  #6 /home/jumpsta1/public_html/jumpstart.gg/wiki/inc/ActionRouter.php(83): dokuwiki\Extension\Event->advise_before()
  #7 /home/jumpsta1/public_html/jumpstart.gg/wiki/inc/ActionRouter.php(49): dokuwiki\ActionRouter->setupAction('searchusers')
  #8 /home/jumpsta1/public_html/jumpstart.gg/wiki/inc/ActionRouter.php(62): dokuwiki\ActionRouter->__construct()
  #9 /home/jumpsta1/public_html/jumpstart.gg/wiki/inc/actions.php(19): dokuwiki\ActionRouter::getInstance(true)
  #10 /home/jumpsta1/public_html/jumpstart.gg/wiki/doku.php(131): act_dispatch()
  #11 {main}
2026-06-18 21:08:13	/home/jumpsta1/public_html/jumpstart.gg/wiki/lib/plugins/authplain/auth.php(467)	E_WARNING: preg_match(): Compilation failed: quantifier does not follow a repeatable item at offset 0
  #0 [internal function]: dokuwiki\ErrorHandler::errorHandler(2, 'preg_match(): C...', '/home/jumpsta1/...', 467)
  #1 /home/jumpsta1/public_html/jumpstart.gg/wiki/lib/plugins/authplain/auth.php(467): preg_match('/*@regret*/i', 'jumpstartadmin')
  #2 /home/jumpsta1/public_html/jumpstart.gg/wiki/lib/plugins/authplain/auth.php(318): auth_plugin_authplain->filter('jumpstartadmin', Array)
  #3 /home/jumpsta1/public_html/jumpstart.gg/wiki/lib/plugins/jumpstart/action.php(89): auth_plugin_authplain->retrieveUsers(0, 20, Array)
  #4 /home/jumpsta1/public_html/jumpstart.gg/wiki/inc/Extension/EventHandler.php(80): action_plugin_jumpstart->handle_userprofile_api(Object(dokuwiki\Extension\Event), NULL)
  #5 /home/jumpsta1/public_html/jumpstart.gg/wiki/inc/Extension/Event.php(75): dokuwiki\Extension\EventHandler->process_event(Object(dokuwiki\Extension\Event), 'BEFORE')
  #6 /home/jumpsta1/public_html/jumpstart.gg/wiki/inc/ActionRouter.php(83): dokuwiki\Extension\Event->advise_before()
  #7 /home/jumpsta1/public_html/jumpstart.gg/wiki/inc/ActionRouter.php(49): dokuwiki\ActionRouter->setupAction('searchusers')
  #8 /home/jumpsta1/public_html/jumpstart.gg/wiki/inc/ActionRouter.php(62): dokuwiki\ActionRouter->__construct()
  #9 /home/jumpsta1/public_html/jumpstart.gg/wiki/inc/actions.php(19): dokuwiki\ActionRouter::getInstance(true)
  #10 /home/jumpsta1/public_html/jumpstart.gg/wiki/doku.php(131): act_dispatch()
  #11 {main}
2026-06-18 21:08:13	/home/jumpsta1/public_html/jumpstart.gg/wiki/lib/plugins/authplain/auth.php(467)	E_WARNING: preg_match(): Compilation failed: quantifier does not follow a repeatable item at offset 0
  #0 [internal function]: dokuwiki\ErrorHandler::errorHandler(2, 'preg_match(): C...', '/home/jumpsta1/...', 467)
  #1 /home/jumpsta1/public_html/jumpstart.gg/wiki/lib/plugins/authplain/auth.php(467): preg_match('/*@regret*/i', 'limelight')
  #2 /home/jumpsta1/public_html/jumpstart.gg/wiki/lib/plugins/authplain/auth.php(318): auth_plugin_authplain->filter('limelight', Array)
  #3 /home/jumpsta1/public_html/jumpstart.gg/wiki/lib/plugins/jumpstart/action.php(89): auth_plugin_authplain->retrieveUsers(0, 20, Array)
  #4 /home/jumpsta1/public_html/jumpstart.gg/wiki/inc/Extension/EventHandler.php(80): action_plugin_jumpstart->handle_userprofile_api(Object(dokuwiki\Extension\Event), NULL)
  #5 /home/jumpsta1/public_html/jumpstart.gg/wiki/inc/Extension/Event.php(75): dokuwiki\Extension\EventHandler->process_event(Object(dokuwiki\Extension\Event), 'BEFORE')
  #6 /home/jumpsta1/public_html/jumpstart.gg/wiki/inc/ActionRouter.php(83): dokuwiki\Extension\Event->advise_before()
  #7 /home/jumpsta1/public_html/jumpstart.gg/wiki/inc/ActionRouter.php(49): dokuwiki\ActionRouter->setupAction('searchusers')
  #8 /home/jumpsta1/public_html/jumpstart.gg/wiki/inc/ActionRouter.php(62): dokuwiki\ActionRouter->__construct()
  #9 /home/jumpsta1/public_html/jumpstart.gg/wiki/inc/actions.php(19): dokuwiki\ActionRouter::getInstance(true)
  #10 /home/jumpsta1/public_html/jumpstart.gg/wiki/doku.php(131): act_dispatch()
  #11 {main}
2026-06-18 21:08:14	/home/jumpsta1/public_html/jumpstart.gg/wiki/lib/plugins/authplain/auth.php(470)	E_WARNING: preg_match(): Compilation failed: quantifier does not follow a repeatable item at offset 0
  #0 [internal function]: dokuwiki\ErrorHandler::errorHandler(2, 'preg_match(): C...', '/home/jumpsta1/...', 470)
  #1 /home/jumpsta1/public_html/jumpstart.gg/wiki/lib/plugins/authplain/auth.php(470): preg_match('/*@regretf*/i', 'LimeLight')
  #2 /home/jumpsta1/public_html/jumpstart.gg/wiki/lib/plugins/authplain/auth.php(318): auth_plugin_authplain->filter('4800lightbulbs', Array)
  #3 /home/jumpsta1/public_html/jumpstart.gg/wiki/lib/plugins/jumpstart/action.php(88): auth_plugin_authplain->retrieveUsers(0, 20, Array)
  #4 /home/jumpsta1/public_html/jumpstart.gg/wiki/inc/Extension/EventHandler.php(80): action_plugin_jumpstart->handle_userprofile_api(Object(dokuwiki\Extension\Event), NULL)
  #5 /home/jumpsta1/public_html/jumpstart.gg/wiki/inc/Extension/Event.php(75): dokuwiki\Extension\EventHandler->process_event(Object(dokuwiki\Extension\Event), 'BEFORE')
  #6 /home/jumpsta1/public_html/jumpstart.gg/wiki/inc/ActionRouter.php(83): dokuwiki\Extension\Event->advise_before()
  #7 /home/jumpsta1/public_html/jumpstart.gg/wiki/inc/ActionRouter.php(49): dokuwiki\ActionRouter->setupAction('searchusers')
  #8 /home/jumpsta1/public_html/jumpstart.gg/wiki/inc/ActionRouter.php(62): dokuwiki\ActionRouter->__construct()
  #9 /home/jumpsta1/public_html/jumpstart.gg/wiki/inc/actions.php(19): dokuwiki\ActionRouter::getInstance(true)
  #10 /home/jumpsta1/public_html/jumpstart.gg/wiki/doku.php(131): act_dispatch()
  #11 {main}
2026-06-18 21:08:14	/home/jumpsta1/public_html/jumpstart.gg/wiki/lib/plugins/authplain/auth.php(470)	E_WARNING: preg_match(): Compilation failed: quantifier does not follow a repeatable item at offset 0
  #0 [internal function]: dokuwiki\ErrorHandler::errorHandler(2, 'preg_match(): C...', '/home/jumpsta1/...', 470)
  #1 /home/jumpsta1/public_html/jumpstart.gg/wiki/lib/plugins/authplain/auth.php(470): preg_match('/*@regretf*/i', 'Awooga')
  #2 /home/jumpsta1/public_html/jumpstart.gg/wiki/lib/plugins/authplain/auth.php(318): auth_plugin_authplain->filter('awooga_dl', Array)
  #3 /home/jumpsta1/public_html/jumpstart.gg/wiki/lib/plugins/jumpstart/action.php(88): auth_plugin_authplain->retrieveUsers(0, 20, Array)
  #4 /home/jumpsta1/public_html/jumpstart.gg/wiki/inc/Extension/EventHandler.php(80): action_plugin_jumpstart->handle_userprofile_api(Object(dokuwiki\Extension\Event), NULL)
  #5 /home/jumpsta1/public_html/jumpstart.gg/wiki/inc/Extension/Event.php(75): dokuwiki\Extension\EventHandler->process_event(Object(dokuwiki\Extension\Event), 'BEFORE')
  #6 /home/jumpsta1/public_html/jumpstart.gg/wiki/inc/ActionRouter.php(83): dokuwiki\Extension\Event->advise_before()
  #7 /home/jumpsta1/public_html/jumpstart.gg/wiki/inc/ActionRouter.php(49): dokuwiki\ActionRouter->setupAction('searchusers')
  #8 /home/jumpsta1/public_html/jumpstart.gg/wiki/inc/ActionRouter.php(62): dokuwiki\ActionRouter->__construct()
  #9 /home/jumpsta1/public_html/jumpstart.gg/wiki/inc/actions.php(19): dokuwiki\ActionRouter::getInstance(true)
  #10 /home/jumpsta1/public_html/jumpstart.gg/wiki/doku.php(131): act_dispatch()
  #11 {main}
2026-06-18 21:08:14	/home/jumpsta1/public_html/jumpstart.gg/wiki/lib/plugins/authplain/auth.php(470)	E_WARNING: preg_match(): Compilation failed: quantifier does not follow a repeatable item at offset 0
  #0 [internal function]: dokuwiki\ErrorHandler::errorHandler(2, 'preg_match(): C...', '/home/jumpsta1/...', 470)
  #1 /home/jumpsta1/public_html/jumpstart.gg/wiki/lib/plugins/authplain/auth.php(470): preg_match('/*@regretf*/i', 'RegretfulCurve')
  #2 /home/jumpsta1/public_html/jumpstart.gg/wiki/lib/plugins/authplain/auth.php(318): auth_plugin_authplain->filter('jumpstartadmin', Array)
  #3 /home/jumpsta1/public_html/jumpstart.gg/wiki/lib/plugins/jumpstart/action.php(88): auth_plugin_authplain->retrieveUsers(0, 20, Array)
  #4 /home/jumpsta1/public_html/jumpstart.gg/wiki/inc/Extension/EventHandler.php(80): action_plugin_jumpstart->handle_userprofile_api(Object(dokuwiki\Extension\Event), NULL)
  #5 /home/jumpsta1/public_html/jumpstart.gg/wiki/inc/Extension/Event.php(75): dokuwiki\Extension\EventHandler->process_event(Object(dokuwiki\Extension\Event), 'BEFORE')
  #6 /home/jumpsta1/public_html/jumpstart.gg/wiki/inc/ActionRouter.php(83): dokuwiki\Extension\Event->advise_before()
  #7 /home/jumpsta1/public_html/jumpstart.gg/wiki/inc/ActionRouter.php(49): dokuwiki\ActionRouter->setupAction('searchusers')
  #8 /home/jumpsta1/public_html/jumpstart.gg/wiki/inc/ActionRouter.php(62): dokuwiki\ActionRouter->__construct()
  #9 /home/jumpsta1/public_html/jumpstart.gg/wiki/inc/actions.php(19): dokuwiki\ActionRouter::getInstance(true)
  #10 /home/jumpsta1/public_html/jumpstart.gg/wiki/doku.php(131): act_dispatch()
  #11 {main}
2026-06-18 21:08:14	/home/jumpsta1/public_html/jumpstart.gg/wiki/lib/plugins/authplain/auth.php(470)	E_WARNING: preg_match(): Compilation failed: quantifier does not follow a repeatable item at offset 0
  #0 [internal function]: dokuwiki\ErrorHandler::errorHandler(2, 'preg_match(): C...', '/home/jumpsta1/...', 470)
  #1 /home/jumpsta1/public_html/jumpstart.gg/wiki/lib/plugins/authplain/auth.php(470): preg_match('/*@regretf*/i', 'LimeLight')
  #2 /home/jumpsta1/public_html/jumpstart.gg/wiki/lib/plugins/authplain/auth.php(318): auth_plugin_authplain->filter('limelight', Array)
  #3 /home/jumpsta1/public_html/jumpstart.gg/wiki/lib/plugins/jumpstart/action.php(88): auth_plugin_authplain->retrieveUsers(0, 20, Array)
  #4 /home/jumpsta1/public_html/jumpstart.gg/wiki/inc/Extension/EventHandler.php(80): action_plugin_jumpstart->handle_userprofile_api(Object(dokuwiki\Extension\Event), NULL)
  #5 /home/jumpsta1/public_html/jumpstart.gg/wiki/inc/Extension/Event.php(75): dokuwiki\Extension\EventHandler->process_event(Object(dokuwiki\Extension\Event), 'BEFORE')
  #6 /home/jumpsta1/public_html/jumpstart.gg/wiki/inc/ActionRouter.php(83): dokuwiki\Extension\Event->advise_before()
  #7 /home/jumpsta1/public_html/jumpstart.gg/wiki/inc/ActionRouter.php(49): dokuwiki\ActionRouter->setupAction('searchusers')
  #8 /home/jumpsta1/public_html/jumpstart.gg/wiki/inc/ActionRouter.php(62): dokuwiki\ActionRouter->__construct()
  #9 /home/jumpsta1/public_html/jumpstart.gg/wiki/inc/actions.php(19): dokuwiki\ActionRouter::getInstance(true)
  #10 /home/jumpsta1/public_html/jumpstart.gg/wiki/doku.php(131): act_dispatch()
  #11 {main}
2026-06-18 21:08:14	/home/jumpsta1/public_html/jumpstart.gg/wiki/lib/plugins/authplain/auth.php(467)	E_WARNING: preg_match(): Compilation failed: quantifier does not follow a repeatable item at offset 0
  #0 [internal function]: dokuwiki\ErrorHandler::errorHandler(2, 'preg_match(): C...', '/home/jumpsta1/...', 467)
  #1 /home/jumpsta1/public_html/jumpstart.gg/wiki/lib/plugins/authplain/auth.php(467): preg_match('/*@regretf*/i', '4800lightbulbs')
  #2 /home/jumpsta1/public_html/jumpstart.gg/wiki/lib/plugins/authplain/auth.php(318): auth_plugin_authplain->filter('4800lightbulbs', Array)
  #3 /home/jumpsta1/public_html/jumpstart.gg/wiki/lib/plugins/jumpstart/action.php(89): auth_plugin_authplain->retrieveUsers(0, 20, Array)
  #4 /home/jumpsta1/public_html/jumpstart.gg/wiki/inc/Extension/EventHandler.php(80): action_plugin_jumpstart->handle_userprofile_api(Object(dokuwiki\Extension\Event), NULL)
  #5 /home/jumpsta1/public_html/jumpstart.gg/wiki/inc/Extension/Event.php(75): dokuwiki\Extension\EventHandler->process_event(Object(dokuwiki\Extension\Event), 'BEFORE')
  #6 /home/jumpsta1/public_html/jumpstart.gg/wiki/inc/ActionRouter.php(83): dokuwiki\Extension\Event->advise_before()
  #7 /home/jumpsta1/public_html/jumpstart.gg/wiki/inc/ActionRouter.php(49): dokuwiki\ActionRouter->setupAction('searchusers')
  #8 /home/jumpsta1/public_html/jumpstart.gg/wiki/inc/ActionRouter.php(62): dokuwiki\ActionRouter->__construct()
  #9 /home/jumpsta1/public_html/jumpstart.gg/wiki/inc/actions.php(19): dokuwiki\ActionRouter::getInstance(true)
  #10 /home/jumpsta1/public_html/jumpstart.gg/wiki/doku.php(131): act_dispatch()
  #11 {main}
2026-06-18 21:08:14	/home/jumpsta1/public_html/jumpstart.gg/wiki/lib/plugins/authplain/auth.php(467)	E_WARNING: preg_match(): Compilation failed: quantifier does not follow a repeatable item at offset 0
  #0 [internal function]: dokuwiki\ErrorHandler::errorHandler(2, 'preg_match(): C...', '/home/jumpsta1/...', 467)
  #1 /home/jumpsta1/public_html/jumpstart.gg/wiki/lib/plugins/authplain/auth.php(467): preg_match('/*@regretf*/i', 'awooga_dl')
  #2 /home/jumpsta1/public_html/jumpstart.gg/wiki/lib/plugins/authplain/auth.php(318): auth_plugin_authplain->filter('awooga_dl', Array)
  #3 /home/jumpsta1/public_html/jumpstart.gg/wiki/lib/plugins/jumpstart/action.php(89): auth_plugin_authplain->retrieveUsers(0, 20, Array)
  #4 /home/jumpsta1/public_html/jumpstart.gg/wiki/inc/Extension/EventHandler.php(80): action_plugin_jumpstart->handle_userprofile_api(Object(dokuwiki\Extension\Event), NULL)
  #5 /home/jumpsta1/public_html/jumpstart.gg/wiki/inc/Extension/Event.php(75): dokuwiki\Extension\EventHandler->process_event(Object(dokuwiki\Extension\Event), 'BEFORE')
  #6 /home/jumpsta1/public_html/jumpstart.gg/wiki/inc/ActionRouter.php(83): dokuwiki\Extension\Event->advise_before()
  #7 /home/jumpsta1/public_html/jumpstart.gg/wiki/inc/ActionRouter.php(49): dokuwiki\ActionRouter->setupAction('searchusers')
  #8 /home/jumpsta1/public_html/jumpstart.gg/wiki/inc/ActionRouter.php(62): dokuwiki\ActionRouter->__construct()
  #9 /home/jumpsta1/public_html/jumpstart.gg/wiki/inc/actions.php(19): dokuwiki\ActionRouter::getInstance(true)
  #10 /home/jumpsta1/public_html/jumpstart.gg/wiki/doku.php(131): act_dispatch()
  #11 {main}
2026-06-18 21:08:14	/home/jumpsta1/public_html/jumpstart.gg/wiki/lib/plugins/authplain/auth.php(467)	E_WARNING: preg_match(): Compilation failed: quantifier does not follow a repeatable item at offset 0
  #0 [internal function]: dokuwiki\ErrorHandler::errorHandler(2, 'preg_match(): C...', '/home/jumpsta1/...', 467)
  #1 /home/jumpsta1/public_html/jumpstart.gg/wiki/lib/plugins/authplain/auth.php(467): preg_match('/*@regretf*/i', 'jumpstartadmin')
  #2 /home/jumpsta1/public_html/jumpstart.gg/wiki/lib/plugins/authplain/auth.php(318): auth_plugin_authplain->filter('jumpstartadmin', Array)
  #3 /home/jumpsta1/public_html/jumpstart.gg/wiki/lib/plugins/jumpstart/action.php(89): auth_plugin_authplain->retrieveUsers(0, 20, Array)
  #4 /home/jumpsta1/public_html/jumpstart.gg/wiki/inc/Extension/EventHandler.php(80): action_plugin_jumpstart->handle_userprofile_api(Object(dokuwiki\Extension\Event), NULL)
  #5 /home/jumpsta1/public_html/jumpstart.gg/wiki/inc/Extension/Event.php(75): dokuwiki\Extension\EventHandler->process_event(Object(dokuwiki\Extension\Event), 'BEFORE')
  #6 /home/jumpsta1/public_html/jumpstart.gg/wiki/inc/ActionRouter.php(83): dokuwiki\Extension\Event->advise_before()
  #7 /home/jumpsta1/public_html/jumpstart.gg/wiki/inc/ActionRouter.php(49): dokuwiki\ActionRouter->setupAction('searchusers')
  #8 /home/jumpsta1/public_html/jumpstart.gg/wiki/inc/ActionRouter.php(62): dokuwiki\ActionRouter->__construct()
  #9 /home/jumpsta1/public_html/jumpstart.gg/wiki/inc/actions.php(19): dokuwiki\ActionRouter::getInstance(true)
  #10 /home/jumpsta1/public_html/jumpstart.gg/wiki/doku.php(131): act_dispatch()
  #11 {main}
2026-06-18 21:08:14	/home/jumpsta1/public_html/jumpstart.gg/wiki/lib/plugins/authplain/auth.php(467)	E_WARNING: preg_match(): Compilation failed: quantifier does not follow a repeatable item at offset 0
  #0 [internal function]: dokuwiki\ErrorHandler::errorHandler(2, 'preg_match(): C...', '/home/jumpsta1/...', 467)
  #1 /home/jumpsta1/public_html/jumpstart.gg/wiki/lib/plugins/authplain/auth.php(467): preg_match('/*@regretf*/i', 'limelight')
  #2 /home/jumpsta1/public_html/jumpstart.gg/wiki/lib/plugins/authplain/auth.php(318): auth_plugin_authplain->filter('limelight', Array)
  #3 /home/jumpsta1/public_html/jumpstart.gg/wiki/lib/plugins/jumpstart/action.php(89): auth_plugin_authplain->retrieveUsers(0, 20, Array)
  #4 /home/jumpsta1/public_html/jumpstart.gg/wiki/inc/Extension/EventHandler.php(80): action_plugin_jumpstart->handle_userprofile_api(Object(dokuwiki\Extension\Event), NULL)
  #5 /home/jumpsta1/public_html/jumpstart.gg/wiki/inc/Extension/Event.php(75): dokuwiki\Extension\EventHandler->process_event(Object(dokuwiki\Extension\Event), 'BEFORE')
  #6 /home/jumpsta1/public_html/jumpstart.gg/wiki/inc/ActionRouter.php(83): dokuwiki\Extension\Event->advise_before()
  #7 /home/jumpsta1/public_html/jumpstart.gg/wiki/inc/ActionRouter.php(49): dokuwiki\ActionRouter->setupAction('searchusers')
  #8 /home/jumpsta1/public_html/jumpstart.gg/wiki/inc/ActionRouter.php(62): dokuwiki\ActionRouter->__construct()
  #9 /home/jumpsta1/public_html/jumpstart.gg/wiki/inc/actions.php(19): dokuwiki\ActionRouter::getInstance(true)
  #10 /home/jumpsta1/public_html/jumpstart.gg/wiki/doku.php(131): act_dispatch()
  #11 {main}
2026-06-18 21:08:15	/home/jumpsta1/public_html/jumpstart.gg/wiki/lib/plugins/authplain/auth.php(470)	E_WARNING: preg_match(): Compilation failed: quantifier does not follow a repeatable item at offset 0
  #0 [internal function]: dokuwiki\ErrorHandler::errorHandler(2, 'preg_match(): C...', '/home/jumpsta1/...', 470)
  #1 /home/jumpsta1/public_html/jumpstart.gg/wiki/lib/plugins/authplain/auth.php(470): preg_match('/*@regretful*/i', 'LimeLight')
  #2 /home/jumpsta1/public_html/jumpstart.gg/wiki/lib/plugins/authplain/auth.php(318): auth_plugin_authplain->filter('4800lightbulbs', Array)
  #3 /home/jumpsta1/public_html/jumpstart.gg/wiki/lib/plugins/jumpstart/action.php(88): auth_plugin_authplain->retrieveUsers(0, 20, Array)
  #4 /home/jumpsta1/public_html/jumpstart.gg/wiki/inc/Extension/EventHandler.php(80): action_plugin_jumpstart->handle_userprofile_api(Object(dokuwiki\Extension\Event), NULL)
  #5 /home/jumpsta1/public_html/jumpstart.gg/wiki/inc/Extension/Event.php(75): dokuwiki\Extension\EventHandler->process_event(Object(dokuwiki\Extension\Event), 'BEFORE')
  #6 /home/jumpsta1/public_html/jumpstart.gg/wiki/inc/ActionRouter.php(83): dokuwiki\Extension\Event->advise_before()
  #7 /home/jumpsta1/public_html/jumpstart.gg/wiki/inc/ActionRouter.php(49): dokuwiki\ActionRouter->setupAction('searchusers')
  #8 /home/jumpsta1/public_html/jumpstart.gg/wiki/inc/ActionRouter.php(62): dokuwiki\ActionRouter->__construct()
  #9 /home/jumpsta1/public_html/jumpstart.gg/wiki/inc/actions.php(19): dokuwiki\ActionRouter::getInstance(true)
  #10 /home/jumpsta1/public_html/jumpstart.gg/wiki/doku.php(131): act_dispatch()
  #11 {main}
2026-06-18 21:08:15	/home/jumpsta1/public_html/jumpstart.gg/wiki/lib/plugins/authplain/auth.php(470)	E_WARNING: preg_match(): Compilation failed: quantifier does not follow a repeatable item at offset 0
  #0 [internal function]: dokuwiki\ErrorHandler::errorHandler(2, 'preg_match(): C...', '/home/jumpsta1/...', 470)
  #1 /home/jumpsta1/public_html/jumpstart.gg/wiki/lib/plugins/authplain/auth.php(470): preg_match('/*@regretful*/i', 'Awooga')
  #2 /home/jumpsta1/public_html/jumpstart.gg/wiki/lib/plugins/authplain/auth.php(318): auth_plugin_authplain->filter('awooga_dl', Array)
  #3 /home/jumpsta1/public_html/jumpstart.gg/wiki/lib/plugins/jumpstart/action.php(88): auth_plugin_authplain->retrieveUsers(0, 20, Array)
  #4 /home/jumpsta1/public_html/jumpstart.gg/wiki/inc/Extension/EventHandler.php(80): action_plugin_jumpstart->handle_userprofile_api(Object(dokuwiki\Extension\Event), NULL)
  #5 /home/jumpsta1/public_html/jumpstart.gg/wiki/inc/Extension/Event.php(75): dokuwiki\Extension\EventHandler->process_event(Object(dokuwiki\Extension\Event), 'BEFORE')
  #6 /home/jumpsta1/public_html/jumpstart.gg/wiki/inc/ActionRouter.php(83): dokuwiki\Extension\Event->advise_before()
  #7 /home/jumpsta1/public_html/jumpstart.gg/wiki/inc/ActionRouter.php(49): dokuwiki\ActionRouter->setupAction('searchusers')
  #8 /home/jumpsta1/public_html/jumpstart.gg/wiki/inc/ActionRouter.php(62): dokuwiki\ActionRouter->__construct()
  #9 /home/jumpsta1/public_html/jumpstart.gg/wiki/inc/actions.php(19): dokuwiki\ActionRouter::getInstance(true)
  #10 /home/jumpsta1/public_html/jumpstart.gg/wiki/doku.php(131): act_dispatch()
  #11 {main}
2026-06-18 21:08:15	/home/jumpsta1/public_html/jumpstart.gg/wiki/lib/plugins/authplain/auth.php(470)	E_WARNING: preg_match(): Compilation failed: quantifier does not follow a repeatable item at offset 0
  #0 [internal function]: dokuwiki\ErrorHandler::errorHandler(2, 'preg_match(): C...', '/home/jumpsta1/...', 470)
  #1 /home/jumpsta1/public_html/jumpstart.gg/wiki/lib/plugins/authplain/auth.php(470): preg_match('/*@regretful*/i', 'RegretfulCurve')
  #2 /home/jumpsta1/public_html/jumpstart.gg/wiki/lib/plugins/authplain/auth.php(318): auth_plugin_authplain->filter('jumpstartadmin', Array)
  #3 /home/jumpsta1/public_html/jumpstart.gg/wiki/lib/plugins/jumpstart/action.php(88): auth_plugin_authplain->retrieveUsers(0, 20, Array)
  #4 /home/jumpsta1/public_html/jumpstart.gg/wiki/inc/Extension/EventHandler.php(80): action_plugin_jumpstart->handle_userprofile_api(Object(dokuwiki\Extension\Event), NULL)
  #5 /home/jumpsta1/public_html/jumpstart.gg/wiki/inc/Extension/Event.php(75): dokuwiki\Extension\EventHandler->process_event(Object(dokuwiki\Extension\Event), 'BEFORE')
  #6 /home/jumpsta1/public_html/jumpstart.gg/wiki/inc/ActionRouter.php(83): dokuwiki\Extension\Event->advise_before()
  #7 /home/jumpsta1/public_html/jumpstart.gg/wiki/inc/ActionRouter.php(49): dokuwiki\ActionRouter->setupAction('searchusers')
  #8 /home/jumpsta1/public_html/jumpstart.gg/wiki/inc/ActionRouter.php(62): dokuwiki\ActionRouter->__construct()
  #9 /home/jumpsta1/public_html/jumpstart.gg/wiki/inc/actions.php(19): dokuwiki\ActionRouter::getInstance(true)
  #10 /home/jumpsta1/public_html/jumpstart.gg/wiki/doku.php(131): act_dispatch()
  #11 {main}
2026-06-18 21:08:15	/home/jumpsta1/public_html/jumpstart.gg/wiki/lib/plugins/authplain/auth.php(470)	E_WARNING: preg_match(): Compilation failed: quantifier does not follow a repeatable item at offset 0
  #0 [internal function]: dokuwiki\ErrorHandler::errorHandler(2, 'preg_match(): C...', '/home/jumpsta1/...', 470)
  #1 /home/jumpsta1/public_html/jumpstart.gg/wiki/lib/plugins/authplain/auth.php(470): preg_match('/*@regretful*/i', 'LimeLight')
  #2 /home/jumpsta1/public_html/jumpstart.gg/wiki/lib/plugins/authplain/auth.php(318): auth_plugin_authplain->filter('limelight', Array)
  #3 /home/jumpsta1/public_html/jumpstart.gg/wiki/lib/plugins/jumpstart/action.php(88): auth_plugin_authplain->retrieveUsers(0, 20, Array)
  #4 /home/jumpsta1/public_html/jumpstart.gg/wiki/inc/Extension/EventHandler.php(80): action_plugin_jumpstart->handle_userprofile_api(Object(dokuwiki\Extension\Event), NULL)
  #5 /home/jumpsta1/public_html/jumpstart.gg/wiki/inc/Extension/Event.php(75): dokuwiki\Extension\EventHandler->process_event(Object(dokuwiki\Extension\Event), 'BEFORE')
  #6 /home/jumpsta1/public_html/jumpstart.gg/wiki/inc/ActionRouter.php(83): dokuwiki\Extension\Event->advise_before()
  #7 /home/jumpsta1/public_html/jumpstart.gg/wiki/inc/ActionRouter.php(49): dokuwiki\ActionRouter->setupAction('searchusers')
  #8 /home/jumpsta1/public_html/jumpstart.gg/wiki/inc/ActionRouter.php(62): dokuwiki\ActionRouter->__construct()
  #9 /home/jumpsta1/public_html/jumpstart.gg/wiki/inc/actions.php(19): dokuwiki\ActionRouter::getInstance(true)
  #10 /home/jumpsta1/public_html/jumpstart.gg/wiki/doku.php(131): act_dispatch()
  #11 {main}
2026-06-18 21:08:15	/home/jumpsta1/public_html/jumpstart.gg/wiki/lib/plugins/authplain/auth.php(467)	E_WARNING: preg_match(): Compilation failed: quantifier does not follow a repeatable item at offset 0
  #0 [internal function]: dokuwiki\ErrorHandler::errorHandler(2, 'preg_match(): C...', '/home/jumpsta1/...', 467)
  #1 /home/jumpsta1/public_html/jumpstart.gg/wiki/lib/plugins/authplain/auth.php(467): preg_match('/*@regretful*/i', '4800lightbulbs')
  #2 /home/jumpsta1/public_html/jumpstart.gg/wiki/lib/plugins/authplain/auth.php(318): auth_plugin_authplain->filter('4800lightbulbs', Array)
  #3 /home/jumpsta1/public_html/jumpstart.gg/wiki/lib/plugins/jumpstart/action.php(89): auth_plugin_authplain->retrieveUsers(0, 20, Array)
  #4 /home/jumpsta1/public_html/jumpstart.gg/wiki/inc/Extension/EventHandler.php(80): action_plugin_jumpstart->handle_userprofile_api(Object(dokuwiki\Extension\Event), NULL)
  #5 /home/jumpsta1/public_html/jumpstart.gg/wiki/inc/Extension/Event.php(75): dokuwiki\Extension\EventHandler->process_event(Object(dokuwiki\Extension\Event), 'BEFORE')
  #6 /home/jumpsta1/public_html/jumpstart.gg/wiki/inc/ActionRouter.php(83): dokuwiki\Extension\Event->advise_before()
  #7 /home/jumpsta1/public_html/jumpstart.gg/wiki/inc/ActionRouter.php(49): dokuwiki\ActionRouter->setupAction('searchusers')
  #8 /home/jumpsta1/public_html/jumpstart.gg/wiki/inc/ActionRouter.php(62): dokuwiki\ActionRouter->__construct()
  #9 /home/jumpsta1/public_html/jumpstart.gg/wiki/inc/actions.php(19): dokuwiki\ActionRouter::getInstance(true)
  #10 /home/jumpsta1/public_html/jumpstart.gg/wiki/doku.php(131): act_dispatch()
  #11 {main}
2026-06-18 21:08:15	/home/jumpsta1/public_html/jumpstart.gg/wiki/lib/plugins/authplain/auth.php(467)	E_WARNING: preg_match(): Compilation failed: quantifier does not follow a repeatable item at offset 0
  #0 [internal function]: dokuwiki\ErrorHandler::errorHandler(2, 'preg_match(): C...', '/home/jumpsta1/...', 467)
  #1 /home/jumpsta1/public_html/jumpstart.gg/wiki/lib/plugins/authplain/auth.php(467): preg_match('/*@regretful*/i', 'awooga_dl')
  #2 /home/jumpsta1/public_html/jumpstart.gg/wiki/lib/plugins/authplain/auth.php(318): auth_plugin_authplain->filter('awooga_dl', Array)
  #3 /home/jumpsta1/public_html/jumpstart.gg/wiki/lib/plugins/jumpstart/action.php(89): auth_plugin_authplain->retrieveUsers(0, 20, Array)
  #4 /home/jumpsta1/public_html/jumpstart.gg/wiki/inc/Extension/EventHandler.php(80): action_plugin_jumpstart->handle_userprofile_api(Object(dokuwiki\Extension\Event), NULL)
  #5 /home/jumpsta1/public_html/jumpstart.gg/wiki/inc/Extension/Event.php(75): dokuwiki\Extension\EventHandler->process_event(Object(dokuwiki\Extension\Event), 'BEFORE')
  #6 /home/jumpsta1/public_html/jumpstart.gg/wiki/inc/ActionRouter.php(83): dokuwiki\Extension\Event->advise_before()
  #7 /home/jumpsta1/public_html/jumpstart.gg/wiki/inc/ActionRouter.php(49): dokuwiki\ActionRouter->setupAction('searchusers')
  #8 /home/jumpsta1/public_html/jumpstart.gg/wiki/inc/ActionRouter.php(62): dokuwiki\ActionRouter->__construct()
  #9 /home/jumpsta1/public_html/jumpstart.gg/wiki/inc/actions.php(19): dokuwiki\ActionRouter::getInstance(true)
  #10 /home/jumpsta1/public_html/jumpstart.gg/wiki/doku.php(131): act_dispatch()
  #11 {main}
2026-06-18 21:08:15	/home/jumpsta1/public_html/jumpstart.gg/wiki/lib/plugins/authplain/auth.php(467)	E_WARNING: preg_match(): Compilation failed: quantifier does not follow a repeatable item at offset 0
  #0 [internal function]: dokuwiki\ErrorHandler::errorHandler(2, 'preg_match(): C...', '/home/jumpsta1/...', 467)
  #1 /home/jumpsta1/public_html/jumpstart.gg/wiki/lib/plugins/authplain/auth.php(467): preg_match('/*@regretful*/i', 'jumpstartadmin')
  #2 /home/jumpsta1/public_html/jumpstart.gg/wiki/lib/plugins/authplain/auth.php(318): auth_plugin_authplain->filter('jumpstartadmin', Array)
  #3 /home/jumpsta1/public_html/jumpstart.gg/wiki/lib/plugins/jumpstart/action.php(89): auth_plugin_authplain->retrieveUsers(0, 20, Array)
  #4 /home/jumpsta1/public_html/jumpstart.gg/wiki/inc/Extension/EventHandler.php(80): action_plugin_jumpstart->handle_userprofile_api(Object(dokuwiki\Extension\Event), NULL)
  #5 /home/jumpsta1/public_html/jumpstart.gg/wiki/inc/Extension/Event.php(75): dokuwiki\Extension\EventHandler->process_event(Object(dokuwiki\Extension\Event), 'BEFORE')
  #6 /home/jumpsta1/public_html/jumpstart.gg/wiki/inc/ActionRouter.php(83): dokuwiki\Extension\Event->advise_before()
  #7 /home/jumpsta1/public_html/jumpstart.gg/wiki/inc/ActionRouter.php(49): dokuwiki\ActionRouter->setupAction('searchusers')
  #8 /home/jumpsta1/public_html/jumpstart.gg/wiki/inc/ActionRouter.php(62): dokuwiki\ActionRouter->__construct()
  #9 /home/jumpsta1/public_html/jumpstart.gg/wiki/inc/actions.php(19): dokuwiki\ActionRouter::getInstance(true)
  #10 /home/jumpsta1/public_html/jumpstart.gg/wiki/doku.php(131): act_dispatch()
  #11 {main}
2026-06-18 21:08:15	/home/jumpsta1/public_html/jumpstart.gg/wiki/lib/plugins/authplain/auth.php(467)	E_WARNING: preg_match(): Compilation failed: quantifier does not follow a repeatable item at offset 0
  #0 [internal function]: dokuwiki\ErrorHandler::errorHandler(2, 'preg_match(): C...', '/home/jumpsta1/...', 467)
  #1 /home/jumpsta1/public_html/jumpstart.gg/wiki/lib/plugins/authplain/auth.php(467): preg_match('/*@regretful*/i', 'limelight')
  #2 /home/jumpsta1/public_html/jumpstart.gg/wiki/lib/plugins/authplain/auth.php(318): auth_plugin_authplain->filter('limelight', Array)
  #3 /home/jumpsta1/public_html/jumpstart.gg/wiki/lib/plugins/jumpstart/action.php(89): auth_plugin_authplain->retrieveUsers(0, 20, Array)
  #4 /home/jumpsta1/public_html/jumpstart.gg/wiki/inc/Extension/EventHandler.php(80): action_plugin_jumpstart->handle_userprofile_api(Object(dokuwiki\Extension\Event), NULL)
  #5 /home/jumpsta1/public_html/jumpstart.gg/wiki/inc/Extension/Event.php(75): dokuwiki\Extension\EventHandler->process_event(Object(dokuwiki\Extension\Event), 'BEFORE')
  #6 /home/jumpsta1/public_html/jumpstart.gg/wiki/inc/ActionRouter.php(83): dokuwiki\Extension\Event->advise_before()
  #7 /home/jumpsta1/public_html/jumpstart.gg/wiki/inc/ActionRouter.php(49): dokuwiki\ActionRouter->setupAction('searchusers')
  #8 /home/jumpsta1/public_html/jumpstart.gg/wiki/inc/ActionRouter.php(62): dokuwiki\ActionRouter->__construct()
  #9 /home/jumpsta1/public_html/jumpstart.gg/wiki/inc/actions.php(19): dokuwiki\ActionRouter::getInstance(true)
  #10 /home/jumpsta1/public_html/jumpstart.gg/wiki/doku.php(131): act_dispatch()
  #11 {main}
2026-06-18 21:08:18	/home/jumpsta1/public_html/jumpstart.gg/wiki/lib/plugins/authplain/auth.php(470)	E_WARNING: preg_match(): Compilation failed: quantifier does not follow a repeatable item at offset 0
  #0 [internal function]: dokuwiki\ErrorHandler::errorHandler(2, 'preg_match(): C...', '/home/jumpsta1/...', 470)
  #1 /home/jumpsta1/public_html/jumpstart.gg/wiki/lib/plugins/authplain/auth.php(470): preg_match('/*awooga*/i', 'LimeLight')
  #2 /home/jumpsta1/public_html/jumpstart.gg/wiki/lib/plugins/authplain/auth.php(318): auth_plugin_authplain->filter('4800lightbulbs', Array)
  #3 /home/jumpsta1/public_html/jumpstart.gg/wiki/lib/plugins/jumpstart/action.php(88): auth_plugin_authplain->retrieveUsers(0, 20, Array)
  #4 /home/jumpsta1/public_html/jumpstart.gg/wiki/inc/Extension/EventHandler.php(80): action_plugin_jumpstart->handle_userprofile_api(Object(dokuwiki\Extension\Event), NULL)
  #5 /home/jumpsta1/public_html/jumpstart.gg/wiki/inc/Extension/Event.php(75): dokuwiki\Extension\EventHandler->process_event(Object(dokuwiki\Extension\Event), 'BEFORE')
  #6 /home/jumpsta1/public_html/jumpstart.gg/wiki/inc/ActionRouter.php(83): dokuwiki\Extension\Event->advise_before()
  #7 /home/jumpsta1/public_html/jumpstart.gg/wiki/inc/ActionRouter.php(49): dokuwiki\ActionRouter->setupAction('searchusers')
  #8 /home/jumpsta1/public_html/jumpstart.gg/wiki/inc/ActionRouter.php(62): dokuwiki\ActionRouter->__construct()
  #9 /home/jumpsta1/public_html/jumpstart.gg/wiki/inc/actions.php(19): dokuwiki\ActionRouter::getInstance(true)
  #10 /home/jumpsta1/public_html/jumpstart.gg/wiki/doku.php(131): act_dispatch()
  #11 {main}
2026-06-18 21:08:18	/home/jumpsta1/public_html/jumpstart.gg/wiki/lib/plugins/authplain/auth.php(470)	E_WARNING: preg_match(): Compilation failed: quantifier does not follow a repeatable item at offset 0
  #0 [internal function]: dokuwiki\ErrorHandler::errorHandler(2, 'preg_match(): C...', '/home/jumpsta1/...', 470)
  #1 /home/jumpsta1/public_html/jumpstart.gg/wiki/lib/plugins/authplain/auth.php(470): preg_match('/*awooga*/i', 'Awooga')
  #2 /home/jumpsta1/public_html/jumpstart.gg/wiki/lib/plugins/authplain/auth.php(318): auth_plugin_authplain->filter('awooga_dl', Array)
  #3 /home/jumpsta1/public_html/jumpstart.gg/wiki/lib/plugins/jumpstart/action.php(88): auth_plugin_authplain->retrieveUsers(0, 20, Array)
  #4 /home/jumpsta1/public_html/jumpstart.gg/wiki/inc/Extension/EventHandler.php(80): action_plugin_jumpstart->handle_userprofile_api(Object(dokuwiki\Extension\Event), NULL)
  #5 /home/jumpsta1/public_html/jumpstart.gg/wiki/inc/Extension/Event.php(75): dokuwiki\Extension\EventHandler->process_event(Object(dokuwiki\Extension\Event), 'BEFORE')
  #6 /home/jumpsta1/public_html/jumpstart.gg/wiki/inc/ActionRouter.php(83): dokuwiki\Extension\Event->advise_before()
  #7 /home/jumpsta1/public_html/jumpstart.gg/wiki/inc/ActionRouter.php(49): dokuwiki\ActionRouter->setupAction('searchusers')
  #8 /home/jumpsta1/public_html/jumpstart.gg/wiki/inc/ActionRouter.php(62): dokuwiki\ActionRouter->__construct()
  #9 /home/jumpsta1/public_html/jumpstart.gg/wiki/inc/actions.php(19): dokuwiki\ActionRouter::getInstance(true)
  #10 /home/jumpsta1/public_html/jumpstart.gg/wiki/doku.php(131): act_dispatch()
  #11 {main}
2026-06-18 21:08:18	/home/jumpsta1/public_html/jumpstart.gg/wiki/lib/plugins/authplain/auth.php(470)	E_WARNING: preg_match(): Compilation failed: quantifier does not follow a repeatable item at offset 0
  #0 [internal function]: dokuwiki\ErrorHandler::errorHandler(2, 'preg_match(): C...', '/home/jumpsta1/...', 470)
  #1 /home/jumpsta1/public_html/jumpstart.gg/wiki/lib/plugins/authplain/auth.php(470): preg_match('/*awooga*/i', 'RegretfulCurve')
  #2 /home/jumpsta1/public_html/jumpstart.gg/wiki/lib/plugins/authplain/auth.php(318): auth_plugin_authplain->filter('jumpstartadmin', Array)
  #3 /home/jumpsta1/public_html/jumpstart.gg/wiki/lib/plugins/jumpstart/action.php(88): auth_plugin_authplain->retrieveUsers(0, 20, Array)
  #4 /home/jumpsta1/public_html/jumpstart.gg/wiki/inc/Extension/EventHandler.php(80): action_plugin_jumpstart->handle_userprofile_api(Object(dokuwiki\Extension\Event), NULL)
  #5 /home/jumpsta1/public_html/jumpstart.gg/wiki/inc/Extension/Event.php(75): dokuwiki\Extension\EventHandler->process_event(Object(dokuwiki\Extension\Event), 'BEFORE')
  #6 /home/jumpsta1/public_html/jumpstart.gg/wiki/inc/ActionRouter.php(83): dokuwiki\Extension\Event->advise_before()
  #7 /home/jumpsta1/public_html/jumpstart.gg/wiki/inc/ActionRouter.php(49): dokuwiki\ActionRouter->setupAction('searchusers')
  #8 /home/jumpsta1/public_html/jumpstart.gg/wiki/inc/ActionRouter.php(62): dokuwiki\ActionRouter->__construct()
  #9 /home/jumpsta1/public_html/jumpstart.gg/wiki/inc/actions.php(19): dokuwiki\ActionRouter::getInstance(true)
  #10 /home/jumpsta1/public_html/jumpstart.gg/wiki/doku.php(131): act_dispatch()
  #11 {main}
2026-06-18 21:08:18	/home/jumpsta1/public_html/jumpstart.gg/wiki/lib/plugins/authplain/auth.php(470)	E_WARNING: preg_match(): Compilation failed: quantifier does not follow a repeatable item at offset 0
  #0 [internal function]: dokuwiki\ErrorHandler::errorHandler(2, 'preg_match(): C...', '/home/jumpsta1/...', 470)
  #1 /home/jumpsta1/public_html/jumpstart.gg/wiki/lib/plugins/authplain/auth.php(470): preg_match('/*awooga*/i', 'LimeLight')
  #2 /home/jumpsta1/public_html/jumpstart.gg/wiki/lib/plugins/authplain/auth.php(318): auth_plugin_authplain->filter('limelight', Array)
  #3 /home/jumpsta1/public_html/jumpstart.gg/wiki/lib/plugins/jumpstart/action.php(88): auth_plugin_authplain->retrieveUsers(0, 20, Array)
  #4 /home/jumpsta1/public_html/jumpstart.gg/wiki/inc/Extension/EventHandler.php(80): action_plugin_jumpstart->handle_userprofile_api(Object(dokuwiki\Extension\Event), NULL)
  #5 /home/jumpsta1/public_html/jumpstart.gg/wiki/inc/Extension/Event.php(75): dokuwiki\Extension\EventHandler->process_event(Object(dokuwiki\Extension\Event), 'BEFORE')
  #6 /home/jumpsta1/public_html/jumpstart.gg/wiki/inc/ActionRouter.php(83): dokuwiki\Extension\Event->advise_before()
  #7 /home/jumpsta1/public_html/jumpstart.gg/wiki/inc/ActionRouter.php(49): dokuwiki\ActionRouter->setupAction('searchusers')
  #8 /home/jumpsta1/public_html/jumpstart.gg/wiki/inc/ActionRouter.php(62): dokuwiki\ActionRouter->__construct()
  #9 /home/jumpsta1/public_html/jumpstart.gg/wiki/inc/actions.php(19): dokuwiki\ActionRouter::getInstance(true)
  #10 /home/jumpsta1/public_html/jumpstart.gg/wiki/doku.php(131): act_dispatch()
  #11 {main}
2026-06-18 21:08:18	/home/jumpsta1/public_html/jumpstart.gg/wiki/lib/plugins/authplain/auth.php(467)	E_WARNING: preg_match(): Compilation failed: quantifier does not follow a repeatable item at offset 0
  #0 [internal function]: dokuwiki\ErrorHandler::errorHandler(2, 'preg_match(): C...', '/home/jumpsta1/...', 467)
  #1 /home/jumpsta1/public_html/jumpstart.gg/wiki/lib/plugins/authplain/auth.php(467): preg_match('/*awooga*/i', '4800lightbulbs')
  #2 /home/jumpsta1/public_html/jumpstart.gg/wiki/lib/plugins/authplain/auth.php(318): auth_plugin_authplain->filter('4800lightbulbs', Array)
  #3 /home/jumpsta1/public_html/jumpstart.gg/wiki/lib/plugins/jumpstart/action.php(89): auth_plugin_authplain->retrieveUsers(0, 20, Array)
  #4 /home/jumpsta1/public_html/jumpstart.gg/wiki/inc/Extension/EventHandler.php(80): action_plugin_jumpstart->handle_userprofile_api(Object(dokuwiki\Extension\Event), NULL)
  #5 /home/jumpsta1/public_html/jumpstart.gg/wiki/inc/Extension/Event.php(75): dokuwiki\Extension\EventHandler->process_event(Object(dokuwiki\Extension\Event), 'BEFORE')
  #6 /home/jumpsta1/public_html/jumpstart.gg/wiki/inc/ActionRouter.php(83): dokuwiki\Extension\Event->advise_before()
  #7 /home/jumpsta1/public_html/jumpstart.gg/wiki/inc/ActionRouter.php(49): dokuwiki\ActionRouter->setupAction('searchusers')
  #8 /home/jumpsta1/public_html/jumpstart.gg/wiki/inc/ActionRouter.php(62): dokuwiki\ActionRouter->__construct()
  #9 /home/jumpsta1/public_html/jumpstart.gg/wiki/inc/actions.php(19): dokuwiki\ActionRouter::getInstance(true)
  #10 /home/jumpsta1/public_html/jumpstart.gg/wiki/doku.php(131): act_dispatch()
  #11 {main}
2026-06-18 21:08:18	/home/jumpsta1/public_html/jumpstart.gg/wiki/lib/plugins/authplain/auth.php(467)	E_WARNING: preg_match(): Compilation failed: quantifier does not follow a repeatable item at offset 0
  #0 [internal function]: dokuwiki\ErrorHandler::errorHandler(2, 'preg_match(): C...', '/home/jumpsta1/...', 467)
  #1 /home/jumpsta1/public_html/jumpstart.gg/wiki/lib/plugins/authplain/auth.php(467): preg_match('/*awooga*/i', 'awooga_dl')
  #2 /home/jumpsta1/public_html/jumpstart.gg/wiki/lib/plugins/authplain/auth.php(318): auth_plugin_authplain->filter('awooga_dl', Array)
  #3 /home/jumpsta1/public_html/jumpstart.gg/wiki/lib/plugins/jumpstart/action.php(89): auth_plugin_authplain->retrieveUsers(0, 20, Array)
  #4 /home/jumpsta1/public_html/jumpstart.gg/wiki/inc/Extension/EventHandler.php(80): action_plugin_jumpstart->handle_userprofile_api(Object(dokuwiki\Extension\Event), NULL)
  #5 /home/jumpsta1/public_html/jumpstart.gg/wiki/inc/Extension/Event.php(75): dokuwiki\Extension\EventHandler->process_event(Object(dokuwiki\Extension\Event), 'BEFORE')
  #6 /home/jumpsta1/public_html/jumpstart.gg/wiki/inc/ActionRouter.php(83): dokuwiki\Extension\Event->advise_before()
  #7 /home/jumpsta1/public_html/jumpstart.gg/wiki/inc/ActionRouter.php(49): dokuwiki\ActionRouter->setupAction('searchusers')
  #8 /home/jumpsta1/public_html/jumpstart.gg/wiki/inc/ActionRouter.php(62): dokuwiki\ActionRouter->__construct()
  #9 /home/jumpsta1/public_html/jumpstart.gg/wiki/inc/actions.php(19): dokuwiki\ActionRouter::getInstance(true)
  #10 /home/jumpsta1/public_html/jumpstart.gg/wiki/doku.php(131): act_dispatch()
  #11 {main}
2026-06-18 21:08:18	/home/jumpsta1/public_html/jumpstart.gg/wiki/lib/plugins/authplain/auth.php(467)	E_WARNING: preg_match(): Compilation failed: quantifier does not follow a repeatable item at offset 0
  #0 [internal function]: dokuwiki\ErrorHandler::errorHandler(2, 'preg_match(): C...', '/home/jumpsta1/...', 467)
  #1 /home/jumpsta1/public_html/jumpstart.gg/wiki/lib/plugins/authplain/auth.php(467): preg_match('/*awooga*/i', 'jumpstartadmin')
  #2 /home/jumpsta1/public_html/jumpstart.gg/wiki/lib/plugins/authplain/auth.php(318): auth_plugin_authplain->filter('jumpstartadmin', Array)
  #3 /home/jumpsta1/public_html/jumpstart.gg/wiki/lib/plugins/jumpstart/action.php(89): auth_plugin_authplain->retrieveUsers(0, 20, Array)
  #4 /home/jumpsta1/public_html/jumpstart.gg/wiki/inc/Extension/EventHandler.php(80): action_plugin_jumpstart->handle_userprofile_api(Object(dokuwiki\Extension\Event), NULL)
  #5 /home/jumpsta1/public_html/jumpstart.gg/wiki/inc/Extension/Event.php(75): dokuwiki\Extension\EventHandler->process_event(Object(dokuwiki\Extension\Event), 'BEFORE')
  #6 /home/jumpsta1/public_html/jumpstart.gg/wiki/inc/ActionRouter.php(83): dokuwiki\Extension\Event->advise_before()
  #7 /home/jumpsta1/public_html/jumpstart.gg/wiki/inc/ActionRouter.php(49): dokuwiki\ActionRouter->setupAction('searchusers')
  #8 /home/jumpsta1/public_html/jumpstart.gg/wiki/inc/ActionRouter.php(62): dokuwiki\ActionRouter->__construct()
  #9 /home/jumpsta1/public_html/jumpstart.gg/wiki/inc/actions.php(19): dokuwiki\ActionRouter::getInstance(true)
  #10 /home/jumpsta1/public_html/jumpstart.gg/wiki/doku.php(131): act_dispatch()
  #11 {main}
2026-06-18 21:08:18	/home/jumpsta1/public_html/jumpstart.gg/wiki/lib/plugins/authplain/auth.php(467)	E_WARNING: preg_match(): Compilation failed: quantifier does not follow a repeatable item at offset 0
  #0 [internal function]: dokuwiki\ErrorHandler::errorHandler(2, 'preg_match(): C...', '/home/jumpsta1/...', 467)
  #1 /home/jumpsta1/public_html/jumpstart.gg/wiki/lib/plugins/authplain/auth.php(467): preg_match('/*awooga*/i', 'limelight')
  #2 /home/jumpsta1/public_html/jumpstart.gg/wiki/lib/plugins/authplain/auth.php(318): auth_plugin_authplain->filter('limelight', Array)
  #3 /home/jumpsta1/public_html/jumpstart.gg/wiki/lib/plugins/jumpstart/action.php(89): auth_plugin_authplain->retrieveUsers(0, 20, Array)
  #4 /home/jumpsta1/public_html/jumpstart.gg/wiki/inc/Extension/EventHandler.php(80): action_plugin_jumpstart->handle_userprofile_api(Object(dokuwiki\Extension\Event), NULL)
  #5 /home/jumpsta1/public_html/jumpstart.gg/wiki/inc/Extension/Event.php(75): dokuwiki\Extension\EventHandler->process_event(Object(dokuwiki\Extension\Event), 'BEFORE')
  #6 /home/jumpsta1/public_html/jumpstart.gg/wiki/inc/ActionRouter.php(83): dokuwiki\Extension\Event->advise_before()
  #7 /home/jumpsta1/public_html/jumpstart.gg/wiki/inc/ActionRouter.php(49): dokuwiki\ActionRouter->setupAction('searchusers')
  #8 /home/jumpsta1/public_html/jumpstart.gg/wiki/inc/ActionRouter.php(62): dokuwiki\ActionRouter->__construct()
  #9 /home/jumpsta1/public_html/jumpstart.gg/wiki/inc/actions.php(19): dokuwiki\ActionRouter::getInstance(true)
  #10 /home/jumpsta1/public_html/jumpstart.gg/wiki/doku.php(131): act_dispatch()
  #11 {main}
2026-06-18 21:08:18	/home/jumpsta1/public_html/jumpstart.gg/wiki/lib/plugins/authplain/auth.php(470)	E_WARNING: preg_match(): Compilation failed: quantifier does not follow a repeatable item at offset 0
  #0 [internal function]: dokuwiki\ErrorHandler::errorHandler(2, 'preg_match(): C...', '/home/jumpsta1/...', 470)
  #1 /home/jumpsta1/public_html/jumpstart.gg/wiki/lib/plugins/authplain/auth.php(470): preg_match('/*awoog*/i', 'LimeLight')
  #2 /home/jumpsta1/public_html/jumpstart.gg/wiki/lib/plugins/authplain/auth.php(318): auth_plugin_authplain->filter('4800lightbulbs', Array)
  #3 /home/jumpsta1/public_html/jumpstart.gg/wiki/lib/plugins/jumpstart/action.php(88): auth_plugin_authplain->retrieveUsers(0, 20, Array)
  #4 /home/jumpsta1/public_html/jumpstart.gg/wiki/inc/Extension/EventHandler.php(80): action_plugin_jumpstart->handle_userprofile_api(Object(dokuwiki\Extension\Event), NULL)
  #5 /home/jumpsta1/public_html/jumpstart.gg/wiki/inc/Extension/Event.php(75): dokuwiki\Extension\EventHandler->process_event(Object(dokuwiki\Extension\Event), 'BEFORE')
  #6 /home/jumpsta1/public_html/jumpstart.gg/wiki/inc/ActionRouter.php(83): dokuwiki\Extension\Event->advise_before()
  #7 /home/jumpsta1/public_html/jumpstart.gg/wiki/inc/ActionRouter.php(49): dokuwiki\ActionRouter->setupAction('searchusers')
  #8 /home/jumpsta1/public_html/jumpstart.gg/wiki/inc/ActionRouter.php(62): dokuwiki\ActionRouter->__construct()
  #9 /home/jumpsta1/public_html/jumpstart.gg/wiki/inc/actions.php(19): dokuwiki\ActionRouter::getInstance(true)
  #10 /home/jumpsta1/public_html/jumpstart.gg/wiki/doku.php(131): act_dispatch()
  #11 {main}
2026-06-18 21:08:18	/home/jumpsta1/public_html/jumpstart.gg/wiki/lib/plugins/authplain/auth.php(470)	E_WARNING: preg_match(): Compilation failed: quantifier does not follow a repeatable item at offset 0
  #0 [internal function]: dokuwiki\ErrorHandler::errorHandler(2, 'preg_match(): C...', '/home/jumpsta1/...', 470)
  #1 /home/jumpsta1/public_html/jumpstart.gg/wiki/lib/plugins/authplain/auth.php(470): preg_match('/*awoog*/i', 'Awooga')
  #2 /home/jumpsta1/public_html/jumpstart.gg/wiki/lib/plugins/authplain/auth.php(318): auth_plugin_authplain->filter('awooga_dl', Array)
  #3 /home/jumpsta1/public_html/jumpstart.gg/wiki/lib/plugins/jumpstart/action.php(88): auth_plugin_authplain->retrieveUsers(0, 20, Array)
  #4 /home/jumpsta1/public_html/jumpstart.gg/wiki/inc/Extension/EventHandler.php(80): action_plugin_jumpstart->handle_userprofile_api(Object(dokuwiki\Extension\Event), NULL)
  #5 /home/jumpsta1/public_html/jumpstart.gg/wiki/inc/Extension/Event.php(75): dokuwiki\Extension\EventHandler->process_event(Object(dokuwiki\Extension\Event), 'BEFORE')
  #6 /home/jumpsta1/public_html/jumpstart.gg/wiki/inc/ActionRouter.php(83): dokuwiki\Extension\Event->advise_before()
  #7 /home/jumpsta1/public_html/jumpstart.gg/wiki/inc/ActionRouter.php(49): dokuwiki\ActionRouter->setupAction('searchusers')
  #8 /home/jumpsta1/public_html/jumpstart.gg/wiki/inc/ActionRouter.php(62): dokuwiki\ActionRouter->__construct()
  #9 /home/jumpsta1/public_html/jumpstart.gg/wiki/inc/actions.php(19): dokuwiki\ActionRouter::getInstance(true)
  #10 /home/jumpsta1/public_html/jumpstart.gg/wiki/doku.php(131): act_dispatch()
  #11 {main}
2026-06-18 21:08:18	/home/jumpsta1/public_html/jumpstart.gg/wiki/lib/plugins/authplain/auth.php(470)	E_WARNING: preg_match(): Compilation failed: quantifier does not follow a repeatable item at offset 0
  #0 [internal function]: dokuwiki\ErrorHandler::errorHandler(2, 'preg_match(): C...', '/home/jumpsta1/...', 470)
  #1 /home/jumpsta1/public_html/jumpstart.gg/wiki/lib/plugins/authplain/auth.php(470): preg_match('/*awoog*/i', 'RegretfulCurve')
  #2 /home/jumpsta1/public_html/jumpstart.gg/wiki/lib/plugins/authplain/auth.php(318): auth_plugin_authplain->filter('jumpstartadmin', Array)
  #3 /home/jumpsta1/public_html/jumpstart.gg/wiki/lib/plugins/jumpstart/action.php(88): auth_plugin_authplain->retrieveUsers(0, 20, Array)
  #4 /home/jumpsta1/public_html/jumpstart.gg/wiki/inc/Extension/EventHandler.php(80): action_plugin_jumpstart->handle_userprofile_api(Object(dokuwiki\Extension\Event), NULL)
  #5 /home/jumpsta1/public_html/jumpstart.gg/wiki/inc/Extension/Event.php(75): dokuwiki\Extension\EventHandler->process_event(Object(dokuwiki\Extension\Event), 'BEFORE')
  #6 /home/jumpsta1/public_html/jumpstart.gg/wiki/inc/ActionRouter.php(83): dokuwiki\Extension\Event->advise_before()
  #7 /home/jumpsta1/public_html/jumpstart.gg/wiki/inc/ActionRouter.php(49): dokuwiki\ActionRouter->setupAction('searchusers')
  #8 /home/jumpsta1/public_html/jumpstart.gg/wiki/inc/ActionRouter.php(62): dokuwiki\ActionRouter->__construct()
  #9 /home/jumpsta1/public_html/jumpstart.gg/wiki/inc/actions.php(19): dokuwiki\ActionRouter::getInstance(true)
  #10 /home/jumpsta1/public_html/jumpstart.gg/wiki/doku.php(131): act_dispatch()
  #11 {main}
2026-06-18 21:08:18	/home/jumpsta1/public_html/jumpstart.gg/wiki/lib/plugins/authplain/auth.php(470)	E_WARNING: preg_match(): Compilation failed: quantifier does not follow a repeatable item at offset 0
  #0 [internal function]: dokuwiki\ErrorHandler::errorHandler(2, 'preg_match(): C...', '/home/jumpsta1/...', 470)
  #1 /home/jumpsta1/public_html/jumpstart.gg/wiki/lib/plugins/authplain/auth.php(470): preg_match('/*awoog*/i', 'LimeLight')
  #2 /home/jumpsta1/public_html/jumpstart.gg/wiki/lib/plugins/authplain/auth.php(318): auth_plugin_authplain->filter('limelight', Array)
  #3 /home/jumpsta1/public_html/jumpstart.gg/wiki/lib/plugins/jumpstart/action.php(88): auth_plugin_authplain->retrieveUsers(0, 20, Array)
  #4 /home/jumpsta1/public_html/jumpstart.gg/wiki/inc/Extension/EventHandler.php(80): action_plugin_jumpstart->handle_userprofile_api(Object(dokuwiki\Extension\Event), NULL)
  #5 /home/jumpsta1/public_html/jumpstart.gg/wiki/inc/Extension/Event.php(75): dokuwiki\Extension\EventHandler->process_event(Object(dokuwiki\Extension\Event), 'BEFORE')
  #6 /home/jumpsta1/public_html/jumpstart.gg/wiki/inc/ActionRouter.php(83): dokuwiki\Extension\Event->advise_before()
  #7 /home/jumpsta1/public_html/jumpstart.gg/wiki/inc/ActionRouter.php(49): dokuwiki\ActionRouter->setupAction('searchusers')
  #8 /home/jumpsta1/public_html/jumpstart.gg/wiki/inc/ActionRouter.php(62): dokuwiki\ActionRouter->__construct()
  #9 /home/jumpsta1/public_html/jumpstart.gg/wiki/inc/actions.php(19): dokuwiki\ActionRouter::getInstance(true)
  #10 /home/jumpsta1/public_html/jumpstart.gg/wiki/doku.php(131): act_dispatch()
  #11 {main}
2026-06-18 21:08:18	/home/jumpsta1/public_html/jumpstart.gg/wiki/lib/plugins/authplain/auth.php(467)	E_WARNING: preg_match(): Compilation failed: quantifier does not follow a repeatable item at offset 0
  #0 [internal function]: dokuwiki\ErrorHandler::errorHandler(2, 'preg_match(): C...', '/home/jumpsta1/...', 467)
  #1 /home/jumpsta1/public_html/jumpstart.gg/wiki/lib/plugins/authplain/auth.php(467): preg_match('/*awoog*/i', '4800lightbulbs')
  #2 /home/jumpsta1/public_html/jumpstart.gg/wiki/lib/plugins/authplain/auth.php(318): auth_plugin_authplain->filter('4800lightbulbs', Array)
  #3 /home/jumpsta1/public_html/jumpstart.gg/wiki/lib/plugins/jumpstart/action.php(89): auth_plugin_authplain->retrieveUsers(0, 20, Array)
  #4 /home/jumpsta1/public_html/jumpstart.gg/wiki/inc/Extension/EventHandler.php(80): action_plugin_jumpstart->handle_userprofile_api(Object(dokuwiki\Extension\Event), NULL)
  #5 /home/jumpsta1/public_html/jumpstart.gg/wiki/inc/Extension/Event.php(75): dokuwiki\Extension\EventHandler->process_event(Object(dokuwiki\Extension\Event), 'BEFORE')
  #6 /home/jumpsta1/public_html/jumpstart.gg/wiki/inc/ActionRouter.php(83): dokuwiki\Extension\Event->advise_before()
  #7 /home/jumpsta1/public_html/jumpstart.gg/wiki/inc/ActionRouter.php(49): dokuwiki\ActionRouter->setupAction('searchusers')
  #8 /home/jumpsta1/public_html/jumpstart.gg/wiki/inc/ActionRouter.php(62): dokuwiki\ActionRouter->__construct()
  #9 /home/jumpsta1/public_html/jumpstart.gg/wiki/inc/actions.php(19): dokuwiki\ActionRouter::getInstance(true)
  #10 /home/jumpsta1/public_html/jumpstart.gg/wiki/doku.php(131): act_dispatch()
  #11 {main}
2026-06-18 21:08:18	/home/jumpsta1/public_html/jumpstart.gg/wiki/lib/plugins/authplain/auth.php(467)	E_WARNING: preg_match(): Compilation failed: quantifier does not follow a repeatable item at offset 0
  #0 [internal function]: dokuwiki\ErrorHandler::errorHandler(2, 'preg_match(): C...', '/home/jumpsta1/...', 467)
  #1 /home/jumpsta1/public_html/jumpstart.gg/wiki/lib/plugins/authplain/auth.php(467): preg_match('/*awoog*/i', 'awooga_dl')
  #2 /home/jumpsta1/public_html/jumpstart.gg/wiki/lib/plugins/authplain/auth.php(318): auth_plugin_authplain->filter('awooga_dl', Array)
  #3 /home/jumpsta1/public_html/jumpstart.gg/wiki/lib/plugins/jumpstart/action.php(89): auth_plugin_authplain->retrieveUsers(0, 20, Array)
  #4 /home/jumpsta1/public_html/jumpstart.gg/wiki/inc/Extension/EventHandler.php(80): action_plugin_jumpstart->handle_userprofile_api(Object(dokuwiki\Extension\Event), NULL)
  #5 /home/jumpsta1/public_html/jumpstart.gg/wiki/inc/Extension/Event.php(75): dokuwiki\Extension\EventHandler->process_event(Object(dokuwiki\Extension\Event), 'BEFORE')
  #6 /home/jumpsta1/public_html/jumpstart.gg/wiki/inc/ActionRouter.php(83): dokuwiki\Extension\Event->advise_before()
  #7 /home/jumpsta1/public_html/jumpstart.gg/wiki/inc/ActionRouter.php(49): dokuwiki\ActionRouter->setupAction('searchusers')
  #8 /home/jumpsta1/public_html/jumpstart.gg/wiki/inc/ActionRouter.php(62): dokuwiki\ActionRouter->__construct()
  #9 /home/jumpsta1/public_html/jumpstart.gg/wiki/inc/actions.php(19): dokuwiki\ActionRouter::getInstance(true)
  #10 /home/jumpsta1/public_html/jumpstart.gg/wiki/doku.php(131): act_dispatch()
  #11 {main}
2026-06-18 21:08:18	/home/jumpsta1/public_html/jumpstart.gg/wiki/lib/plugins/authplain/auth.php(467)	E_WARNING: preg_match(): Compilation failed: quantifier does not follow a repeatable item at offset 0
  #0 [internal function]: dokuwiki\ErrorHandler::errorHandler(2, 'preg_match(): C...', '/home/jumpsta1/...', 467)
  #1 /home/jumpsta1/public_html/jumpstart.gg/wiki/lib/plugins/authplain/auth.php(467): preg_match('/*awoog*/i', 'jumpstartadmin')
  #2 /home/jumpsta1/public_html/jumpstart.gg/wiki/lib/plugins/authplain/auth.php(318): auth_plugin_authplain->filter('jumpstartadmin', Array)
  #3 /home/jumpsta1/public_html/jumpstart.gg/wiki/lib/plugins/jumpstart/action.php(89): auth_plugin_authplain->retrieveUsers(0, 20, Array)
  #4 /home/jumpsta1/public_html/jumpstart.gg/wiki/inc/Extension/EventHandler.php(80): action_plugin_jumpstart->handle_userprofile_api(Object(dokuwiki\Extension\Event), NULL)
  #5 /home/jumpsta1/public_html/jumpstart.gg/wiki/inc/Extension/Event.php(75): dokuwiki\Extension\EventHandler->process_event(Object(dokuwiki\Extension\Event), 'BEFORE')
  #6 /home/jumpsta1/public_html/jumpstart.gg/wiki/inc/ActionRouter.php(83): dokuwiki\Extension\Event->advise_before()
  #7 /home/jumpsta1/public_html/jumpstart.gg/wiki/inc/ActionRouter.php(49): dokuwiki\ActionRouter->setupAction('searchusers')
  #8 /home/jumpsta1/public_html/jumpstart.gg/wiki/inc/ActionRouter.php(62): dokuwiki\ActionRouter->__construct()
  #9 /home/jumpsta1/public_html/jumpstart.gg/wiki/inc/actions.php(19): dokuwiki\ActionRouter::getInstance(true)
  #10 /home/jumpsta1/public_html/jumpstart.gg/wiki/doku.php(131): act_dispatch()
  #11 {main}
2026-06-18 21:08:18	/home/jumpsta1/public_html/jumpstart.gg/wiki/lib/plugins/authplain/auth.php(467)	E_WARNING: preg_match(): Compilation failed: quantifier does not follow a repeatable item at offset 0
  #0 [internal function]: dokuwiki\ErrorHandler::errorHandler(2, 'preg_match(): C...', '/home/jumpsta1/...', 467)
  #1 /home/jumpsta1/public_html/jumpstart.gg/wiki/lib/plugins/authplain/auth.php(467): preg_match('/*awoog*/i', 'limelight')
  #2 /home/jumpsta1/public_html/jumpstart.gg/wiki/lib/plugins/authplain/auth.php(318): auth_plugin_authplain->filter('limelight', Array)
  #3 /home/jumpsta1/public_html/jumpstart.gg/wiki/lib/plugins/jumpstart/action.php(89): auth_plugin_authplain->retrieveUsers(0, 20, Array)
  #4 /home/jumpsta1/public_html/jumpstart.gg/wiki/inc/Extension/EventHandler.php(80): action_plugin_jumpstart->handle_userprofile_api(Object(dokuwiki\Extension\Event), NULL)
  #5 /home/jumpsta1/public_html/jumpstart.gg/wiki/inc/Extension/Event.php(75): dokuwiki\Extension\EventHandler->process_event(Object(dokuwiki\Extension\Event), 'BEFORE')
  #6 /home/jumpsta1/public_html/jumpstart.gg/wiki/inc/ActionRouter.php(83): dokuwiki\Extension\Event->advise_before()
  #7 /home/jumpsta1/public_html/jumpstart.gg/wiki/inc/ActionRouter.php(49): dokuwiki\ActionRouter->setupAction('searchusers')
  #8 /home/jumpsta1/public_html/jumpstart.gg/wiki/inc/ActionRouter.php(62): dokuwiki\ActionRouter->__construct()
  #9 /home/jumpsta1/public_html/jumpstart.gg/wiki/inc/actions.php(19): dokuwiki\ActionRouter::getInstance(true)
  #10 /home/jumpsta1/public_html/jumpstart.gg/wiki/doku.php(131): act_dispatch()
  #11 {main}
2026-06-18 21:08:21	/home/jumpsta1/public_html/jumpstart.gg/wiki/lib/plugins/authplain/auth.php(470)	E_WARNING: preg_match(): Compilation failed: quantifier does not follow a repeatable item at offset 0
  #0 [internal function]: dokuwiki\ErrorHandler::errorHandler(2, 'preg_match(): C...', '/home/jumpsta1/...', 470)
  #1 /home/jumpsta1/public_html/jumpstart.gg/wiki/lib/plugins/authplain/auth.php(470): preg_match('/*regretfulcurv...', 'LimeLight')
  #2 /home/jumpsta1/public_html/jumpstart.gg/wiki/lib/plugins/authplain/auth.php(318): auth_plugin_authplain->filter('4800lightbulbs', Array)
  #3 /home/jumpsta1/public_html/jumpstart.gg/wiki/lib/plugins/jumpstart/action.php(88): auth_plugin_authplain->retrieveUsers(0, 20, Array)
  #4 /home/jumpsta1/public_html/jumpstart.gg/wiki/inc/Extension/EventHandler.php(80): action_plugin_jumpstart->handle_userprofile_api(Object(dokuwiki\Extension\Event), NULL)
  #5 /home/jumpsta1/public_html/jumpstart.gg/wiki/inc/Extension/Event.php(75): dokuwiki\Extension\EventHandler->process_event(Object(dokuwiki\Extension\Event), 'BEFORE')
  #6 /home/jumpsta1/public_html/jumpstart.gg/wiki/inc/ActionRouter.php(83): dokuwiki\Extension\Event->advise_before()
  #7 /home/jumpsta1/public_html/jumpstart.gg/wiki/inc/ActionRouter.php(49): dokuwiki\ActionRouter->setupAction('searchusers')
  #8 /home/jumpsta1/public_html/jumpstart.gg/wiki/inc/ActionRouter.php(62): dokuwiki\ActionRouter->__construct()
  #9 /home/jumpsta1/public_html/jumpstart.gg/wiki/inc/actions.php(19): dokuwiki\ActionRouter::getInstance(true)
  #10 /home/jumpsta1/public_html/jumpstart.gg/wiki/doku.php(131): act_dispatch()
  #11 {main}
2026-06-18 21:08:21	/home/jumpsta1/public_html/jumpstart.gg/wiki/lib/plugins/authplain/auth.php(470)	E_WARNING: preg_match(): Compilation failed: quantifier does not follow a repeatable item at offset 0
  #0 [internal function]: dokuwiki\ErrorHandler::errorHandler(2, 'preg_match(): C...', '/home/jumpsta1/...', 470)
  #1 /home/jumpsta1/public_html/jumpstart.gg/wiki/lib/plugins/authplain/auth.php(470): preg_match('/*regretfulcurv...', 'Awooga')
  #2 /home/jumpsta1/public_html/jumpstart.gg/wiki/lib/plugins/authplain/auth.php(318): auth_plugin_authplain->filter('awooga_dl', Array)
  #3 /home/jumpsta1/public_html/jumpstart.gg/wiki/lib/plugins/jumpstart/action.php(88): auth_plugin_authplain->retrieveUsers(0, 20, Array)
  #4 /home/jumpsta1/public_html/jumpstart.gg/wiki/inc/Extension/EventHandler.php(80): action_plugin_jumpstart->handle_userprofile_api(Object(dokuwiki\Extension\Event), NULL)
  #5 /home/jumpsta1/public_html/jumpstart.gg/wiki/inc/Extension/Event.php(75): dokuwiki\Extension\EventHandler->process_event(Object(dokuwiki\Extension\Event), 'BEFORE')
  #6 /home/jumpsta1/public_html/jumpstart.gg/wiki/inc/ActionRouter.php(83): dokuwiki\Extension\Event->advise_before()
  #7 /home/jumpsta1/public_html/jumpstart.gg/wiki/inc/ActionRouter.php(49): dokuwiki\ActionRouter->setupAction('searchusers')
  #8 /home/jumpsta1/public_html/jumpstart.gg/wiki/inc/ActionRouter.php(62): dokuwiki\ActionRouter->__construct()
  #9 /home/jumpsta1/public_html/jumpstart.gg/wiki/inc/actions.php(19): dokuwiki\ActionRouter::getInstance(true)
  #10 /home/jumpsta1/public_html/jumpstart.gg/wiki/doku.php(131): act_dispatch()
  #11 {main}
2026-06-18 21:08:21	/home/jumpsta1/public_html/jumpstart.gg/wiki/lib/plugins/authplain/auth.php(470)	E_WARNING: preg_match(): Compilation failed: quantifier does not follow a repeatable item at offset 0
  #0 [internal function]: dokuwiki\ErrorHandler::errorHandler(2, 'preg_match(): C...', '/home/jumpsta1/...', 470)
  #1 /home/jumpsta1/public_html/jumpstart.gg/wiki/lib/plugins/authplain/auth.php(470): preg_match('/*regretfulcurv...', 'RegretfulCurve')
  #2 /home/jumpsta1/public_html/jumpstart.gg/wiki/lib/plugins/authplain/auth.php(318): auth_plugin_authplain->filter('jumpstartadmin', Array)
  #3 /home/jumpsta1/public_html/jumpstart.gg/wiki/lib/plugins/jumpstart/action.php(88): auth_plugin_authplain->retrieveUsers(0, 20, Array)
  #4 /home/jumpsta1/public_html/jumpstart.gg/wiki/inc/Extension/EventHandler.php(80): action_plugin_jumpstart->handle_userprofile_api(Object(dokuwiki\Extension\Event), NULL)
  #5 /home/jumpsta1/public_html/jumpstart.gg/wiki/inc/Extension/Event.php(75): dokuwiki\Extension\EventHandler->process_event(Object(dokuwiki\Extension\Event), 'BEFORE')
  #6 /home/jumpsta1/public_html/jumpstart.gg/wiki/inc/ActionRouter.php(83): dokuwiki\Extension\Event->advise_before()
  #7 /home/jumpsta1/public_html/jumpstart.gg/wiki/inc/ActionRouter.php(49): dokuwiki\ActionRouter->setupAction('searchusers')
  #8 /home/jumpsta1/public_html/jumpstart.gg/wiki/inc/ActionRouter.php(62): dokuwiki\ActionRouter->__construct()
  #9 /home/jumpsta1/public_html/jumpstart.gg/wiki/inc/actions.php(19): dokuwiki\ActionRouter::getInstance(true)
  #10 /home/jumpsta1/public_html/jumpstart.gg/wiki/doku.php(131): act_dispatch()
  #11 {main}
2026-06-18 21:08:21	/home/jumpsta1/public_html/jumpstart.gg/wiki/lib/plugins/authplain/auth.php(470)	E_WARNING: preg_match(): Compilation failed: quantifier does not follow a repeatable item at offset 0
  #0 [internal function]: dokuwiki\ErrorHandler::errorHandler(2, 'preg_match(): C...', '/home/jumpsta1/...', 470)
  #1 /home/jumpsta1/public_html/jumpstart.gg/wiki/lib/plugins/authplain/auth.php(470): preg_match('/*regretfulcurv...', 'LimeLight')
  #2 /home/jumpsta1/public_html/jumpstart.gg/wiki/lib/plugins/authplain/auth.php(318): auth_plugin_authplain->filter('limelight', Array)
  #3 /home/jumpsta1/public_html/jumpstart.gg/wiki/lib/plugins/jumpstart/action.php(88): auth_plugin_authplain->retrieveUsers(0, 20, Array)
  #4 /home/jumpsta1/public_html/jumpstart.gg/wiki/inc/Extension/EventHandler.php(80): action_plugin_jumpstart->handle_userprofile_api(Object(dokuwiki\Extension\Event), NULL)
  #5 /home/jumpsta1/public_html/jumpstart.gg/wiki/inc/Extension/Event.php(75): dokuwiki\Extension\EventHandler->process_event(Object(dokuwiki\Extension\Event), 'BEFORE')
  #6 /home/jumpsta1/public_html/jumpstart.gg/wiki/inc/ActionRouter.php(83): dokuwiki\Extension\Event->advise_before()
  #7 /home/jumpsta1/public_html/jumpstart.gg/wiki/inc/ActionRouter.php(49): dokuwiki\ActionRouter->setupAction('searchusers')
  #8 /home/jumpsta1/public_html/jumpstart.gg/wiki/inc/ActionRouter.php(62): dokuwiki\ActionRouter->__construct()
  #9 /home/jumpsta1/public_html/jumpstart.gg/wiki/inc/actions.php(19): dokuwiki\ActionRouter::getInstance(true)
  #10 /home/jumpsta1/public_html/jumpstart.gg/wiki/doku.php(131): act_dispatch()
  #11 {main}
2026-06-18 21:08:21	/home/jumpsta1/public_html/jumpstart.gg/wiki/lib/plugins/authplain/auth.php(467)	E_WARNING: preg_match(): Compilation failed: quantifier does not follow a repeatable item at offset 0
  #0 [internal function]: dokuwiki\ErrorHandler::errorHandler(2, 'preg_match(): C...', '/home/jumpsta1/...', 467)
  #1 /home/jumpsta1/public_html/jumpstart.gg/wiki/lib/plugins/authplain/auth.php(467): preg_match('/*regretfulcurv...', '4800lightbulbs')
  #2 /home/jumpsta1/public_html/jumpstart.gg/wiki/lib/plugins/authplain/auth.php(318): auth_plugin_authplain->filter('4800lightbulbs', Array)
  #3 /home/jumpsta1/public_html/jumpstart.gg/wiki/lib/plugins/jumpstart/action.php(89): auth_plugin_authplain->retrieveUsers(0, 20, Array)
  #4 /home/jumpsta1/public_html/jumpstart.gg/wiki/inc/Extension/EventHandler.php(80): action_plugin_jumpstart->handle_userprofile_api(Object(dokuwiki\Extension\Event), NULL)
  #5 /home/jumpsta1/public_html/jumpstart.gg/wiki/inc/Extension/Event.php(75): dokuwiki\Extension\EventHandler->process_event(Object(dokuwiki\Extension\Event), 'BEFORE')
  #6 /home/jumpsta1/public_html/jumpstart.gg/wiki/inc/ActionRouter.php(83): dokuwiki\Extension\Event->advise_before()
  #7 /home/jumpsta1/public_html/jumpstart.gg/wiki/inc/ActionRouter.php(49): dokuwiki\ActionRouter->setupAction('searchusers')
  #8 /home/jumpsta1/public_html/jumpstart.gg/wiki/inc/ActionRouter.php(62): dokuwiki\ActionRouter->__construct()
  #9 /home/jumpsta1/public_html/jumpstart.gg/wiki/inc/actions.php(19): dokuwiki\ActionRouter::getInstance(true)
  #10 /home/jumpsta1/public_html/jumpstart.gg/wiki/doku.php(131): act_dispatch()
  #11 {main}
2026-06-18 21:08:21	/home/jumpsta1/public_html/jumpstart.gg/wiki/lib/plugins/authplain/auth.php(467)	E_WARNING: preg_match(): Compilation failed: quantifier does not follow a repeatable item at offset 0
  #0 [internal function]: dokuwiki\ErrorHandler::errorHandler(2, 'preg_match(): C...', '/home/jumpsta1/...', 467)
  #1 /home/jumpsta1/public_html/jumpstart.gg/wiki/lib/plugins/authplain/auth.php(467): preg_match('/*regretfulcurv...', 'awooga_dl')
  #2 /home/jumpsta1/public_html/jumpstart.gg/wiki/lib/plugins/authplain/auth.php(318): auth_plugin_authplain->filter('awooga_dl', Array)
  #3 /home/jumpsta1/public_html/jumpstart.gg/wiki/lib/plugins/jumpstart/action.php(89): auth_plugin_authplain->retrieveUsers(0, 20, Array)
  #4 /home/jumpsta1/public_html/jumpstart.gg/wiki/inc/Extension/EventHandler.php(80): action_plugin_jumpstart->handle_userprofile_api(Object(dokuwiki\Extension\Event), NULL)
  #5 /home/jumpsta1/public_html/jumpstart.gg/wiki/inc/Extension/Event.php(75): dokuwiki\Extension\EventHandler->process_event(Object(dokuwiki\Extension\Event), 'BEFORE')
  #6 /home/jumpsta1/public_html/jumpstart.gg/wiki/inc/ActionRouter.php(83): dokuwiki\Extension\Event->advise_before()
  #7 /home/jumpsta1/public_html/jumpstart.gg/wiki/inc/ActionRouter.php(49): dokuwiki\ActionRouter->setupAction('searchusers')
  #8 /home/jumpsta1/public_html/jumpstart.gg/wiki/inc/ActionRouter.php(62): dokuwiki\ActionRouter->__construct()
  #9 /home/jumpsta1/public_html/jumpstart.gg/wiki/inc/actions.php(19): dokuwiki\ActionRouter::getInstance(true)
  #10 /home/jumpsta1/public_html/jumpstart.gg/wiki/doku.php(131): act_dispatch()
  #11 {main}
2026-06-18 21:08:21	/home/jumpsta1/public_html/jumpstart.gg/wiki/lib/plugins/authplain/auth.php(467)	E_WARNING: preg_match(): Compilation failed: quantifier does not follow a repeatable item at offset 0
  #0 [internal function]: dokuwiki\ErrorHandler::errorHandler(2, 'preg_match(): C...', '/home/jumpsta1/...', 467)
  #1 /home/jumpsta1/public_html/jumpstart.gg/wiki/lib/plugins/authplain/auth.php(467): preg_match('/*regretfulcurv...', 'jumpstartadmin')
  #2 /home/jumpsta1/public_html/jumpstart.gg/wiki/lib/plugins/authplain/auth.php(318): auth_plugin_authplain->filter('jumpstartadmin', Array)
  #3 /home/jumpsta1/public_html/jumpstart.gg/wiki/lib/plugins/jumpstart/action.php(89): auth_plugin_authplain->retrieveUsers(0, 20, Array)
  #4 /home/jumpsta1/public_html/jumpstart.gg/wiki/inc/Extension/EventHandler.php(80): action_plugin_jumpstart->handle_userprofile_api(Object(dokuwiki\Extension\Event), NULL)
  #5 /home/jumpsta1/public_html/jumpstart.gg/wiki/inc/Extension/Event.php(75): dokuwiki\Extension\EventHandler->process_event(Object(dokuwiki\Extension\Event), 'BEFORE')
  #6 /home/jumpsta1/public_html/jumpstart.gg/wiki/inc/ActionRouter.php(83): dokuwiki\Extension\Event->advise_before()
  #7 /home/jumpsta1/public_html/jumpstart.gg/wiki/inc/ActionRouter.php(49): dokuwiki\ActionRouter->setupAction('searchusers')
  #8 /home/jumpsta1/public_html/jumpstart.gg/wiki/inc/ActionRouter.php(62): dokuwiki\ActionRouter->__construct()
  #9 /home/jumpsta1/public_html/jumpstart.gg/wiki/inc/actions.php(19): dokuwiki\ActionRouter::getInstance(true)
  #10 /home/jumpsta1/public_html/jumpstart.gg/wiki/doku.php(131): act_dispatch()
  #11 {main}
2026-06-18 21:08:21	/home/jumpsta1/public_html/jumpstart.gg/wiki/lib/plugins/authplain/auth.php(467)	E_WARNING: preg_match(): Compilation failed: quantifier does not follow a repeatable item at offset 0
  #0 [internal function]: dokuwiki\ErrorHandler::errorHandler(2, 'preg_match(): C...', '/home/jumpsta1/...', 467)
  #1 /home/jumpsta1/public_html/jumpstart.gg/wiki/lib/plugins/authplain/auth.php(467): preg_match('/*regretfulcurv...', 'limelight')
  #2 /home/jumpsta1/public_html/jumpstart.gg/wiki/lib/plugins/authplain/auth.php(318): auth_plugin_authplain->filter('limelight', Array)
  #3 /home/jumpsta1/public_html/jumpstart.gg/wiki/lib/plugins/jumpstart/action.php(89): auth_plugin_authplain->retrieveUsers(0, 20, Array)
  #4 /home/jumpsta1/public_html/jumpstart.gg/wiki/inc/Extension/EventHandler.php(80): action_plugin_jumpstart->handle_userprofile_api(Object(dokuwiki\Extension\Event), NULL)
  #5 /home/jumpsta1/public_html/jumpstart.gg/wiki/inc/Extension/Event.php(75): dokuwiki\Extension\EventHandler->process_event(Object(dokuwiki\Extension\Event), 'BEFORE')
  #6 /home/jumpsta1/public_html/jumpstart.gg/wiki/inc/ActionRouter.php(83): dokuwiki\Extension\Event->advise_before()
  #7 /home/jumpsta1/public_html/jumpstart.gg/wiki/inc/ActionRouter.php(49): dokuwiki\ActionRouter->setupAction('searchusers')
  #8 /home/jumpsta1/public_html/jumpstart.gg/wiki/inc/ActionRouter.php(62): dokuwiki\ActionRouter->__construct()
  #9 /home/jumpsta1/public_html/jumpstart.gg/wiki/inc/actions.php(19): dokuwiki\ActionRouter::getInstance(true)
  #10 /home/jumpsta1/public_html/jumpstart.gg/wiki/doku.php(131): act_dispatch()
  #11 {main}
2026-06-18 21:09:58	/home/jumpsta1/public_html/jumpstart.gg/wiki/lib/plugins/authplain/auth.php(470)	E_WARNING: preg_match(): Compilation failed: quantifier does not follow a repeatable item at offset 0
  #0 [internal function]: dokuwiki\ErrorHandler::errorHandler(2, 'preg_match(): C...', '/home/jumpsta1/...', 470)
  #1 /home/jumpsta1/public_html/jumpstart.gg/wiki/lib/plugins/authplain/auth.php(470): preg_match('/*regret*/i', 'LimeLight')
  #2 /home/jumpsta1/public_html/jumpstart.gg/wiki/lib/plugins/authplain/auth.php(318): auth_plugin_authplain->filter('4800lightbulbs', Array)
  #3 /home/jumpsta1/public_html/jumpstart.gg/wiki/lib/plugins/jumpstart/action.php(135): auth_plugin_authplain->retrieveUsers(0, 100, Array)
  #4 /home/jumpsta1/public_html/jumpstart.gg/wiki/inc/Extension/EventHandler.php(80): action_plugin_jumpstart->handle_userprofile_api(Object(dokuwiki\Extension\Event), NULL)
  #5 /home/jumpsta1/public_html/jumpstart.gg/wiki/inc/Extension/Event.php(75): dokuwiki\Extension\EventHandler->process_event(Object(dokuwiki\Extension\Event), 'BEFORE')
  #6 /home/jumpsta1/public_html/jumpstart.gg/wiki/inc/ActionRouter.php(83): dokuwiki\Extension\Event->advise_before()
  #7 /home/jumpsta1/public_html/jumpstart.gg/wiki/inc/ActionRouter.php(49): dokuwiki\ActionRouter->setupAction('searchusers')
  #8 /home/jumpsta1/public_html/jumpstart.gg/wiki/inc/ActionRouter.php(62): dokuwiki\ActionRouter->__construct()
  #9 /home/jumpsta1/public_html/jumpstart.gg/wiki/inc/actions.php(19): dokuwiki\ActionRouter::getInstance(true)
  #10 /home/jumpsta1/public_html/jumpstart.gg/wiki/doku.php(131): act_dispatch()
  #11 {main}
2026-06-18 21:09:58	/home/jumpsta1/public_html/jumpstart.gg/wiki/lib/plugins/authplain/auth.php(470)	E_WARNING: preg_match(): Compilation failed: quantifier does not follow a repeatable item at offset 0
  #0 [internal function]: dokuwiki\ErrorHandler::errorHandler(2, 'preg_match(): C...', '/home/jumpsta1/...', 470)
  #1 /home/jumpsta1/public_html/jumpstart.gg/wiki/lib/plugins/authplain/auth.php(470): preg_match('/*regret*/i', 'Awooga')
  #2 /home/jumpsta1/public_html/jumpstart.gg/wiki/lib/plugins/authplain/auth.php(318): auth_plugin_authplain->filter('awooga_dl', Array)
  #3 /home/jumpsta1/public_html/jumpstart.gg/wiki/lib/plugins/jumpstart/action.php(135): auth_plugin_authplain->retrieveUsers(0, 100, Array)
  #4 /home/jumpsta1/public_html/jumpstart.gg/wiki/inc/Extension/EventHandler.php(80): action_plugin_jumpstart->handle_userprofile_api(Object(dokuwiki\Extension\Event), NULL)
  #5 /home/jumpsta1/public_html/jumpstart.gg/wiki/inc/Extension/Event.php(75): dokuwiki\Extension\EventHandler->process_event(Object(dokuwiki\Extension\Event), 'BEFORE')
  #6 /home/jumpsta1/public_html/jumpstart.gg/wiki/inc/ActionRouter.php(83): dokuwiki\Extension\Event->advise_before()
  #7 /home/jumpsta1/public_html/jumpstart.gg/wiki/inc/ActionRouter.php(49): dokuwiki\ActionRouter->setupAction('searchusers')
  #8 /home/jumpsta1/public_html/jumpstart.gg/wiki/inc/ActionRouter.php(62): dokuwiki\ActionRouter->__construct()
  #9 /home/jumpsta1/public_html/jumpstart.gg/wiki/inc/actions.php(19): dokuwiki\ActionRouter::getInstance(true)
  #10 /home/jumpsta1/public_html/jumpstart.gg/wiki/doku.php(131): act_dispatch()
  #11 {main}
2026-06-18 21:09:58	/home/jumpsta1/public_html/jumpstart.gg/wiki/lib/plugins/authplain/auth.php(470)	E_WARNING: preg_match(): Compilation failed: quantifier does not follow a repeatable item at offset 0
  #0 [internal function]: dokuwiki\ErrorHandler::errorHandler(2, 'preg_match(): C...', '/home/jumpsta1/...', 470)
  #1 /home/jumpsta1/public_html/jumpstart.gg/wiki/lib/plugins/authplain/auth.php(470): preg_match('/*regret*/i', 'RegretfulCurve')
  #2 /home/jumpsta1/public_html/jumpstart.gg/wiki/lib/plugins/authplain/auth.php(318): auth_plugin_authplain->filter('jumpstartadmin', Array)
  #3 /home/jumpsta1/public_html/jumpstart.gg/wiki/lib/plugins/jumpstart/action.php(135): auth_plugin_authplain->retrieveUsers(0, 100, Array)
  #4 /home/jumpsta1/public_html/jumpstart.gg/wiki/inc/Extension/EventHandler.php(80): action_plugin_jumpstart->handle_userprofile_api(Object(dokuwiki\Extension\Event), NULL)
  #5 /home/jumpsta1/public_html/jumpstart.gg/wiki/inc/Extension/Event.php(75): dokuwiki\Extension\EventHandler->process_event(Object(dokuwiki\Extension\Event), 'BEFORE')
  #6 /home/jumpsta1/public_html/jumpstart.gg/wiki/inc/ActionRouter.php(83): dokuwiki\Extension\Event->advise_before()
  #7 /home/jumpsta1/public_html/jumpstart.gg/wiki/inc/ActionRouter.php(49): dokuwiki\ActionRouter->setupAction('searchusers')
  #8 /home/jumpsta1/public_html/jumpstart.gg/wiki/inc/ActionRouter.php(62): dokuwiki\ActionRouter->__construct()
  #9 /home/jumpsta1/public_html/jumpstart.gg/wiki/inc/actions.php(19): dokuwiki\ActionRouter::getInstance(true)
  #10 /home/jumpsta1/public_html/jumpstart.gg/wiki/doku.php(131): act_dispatch()
  #11 {main}
2026-06-18 21:09:58	/home/jumpsta1/public_html/jumpstart.gg/wiki/lib/plugins/authplain/auth.php(470)	E_WARNING: preg_match(): Compilation failed: quantifier does not follow a repeatable item at offset 0
  #0 [internal function]: dokuwiki\ErrorHandler::errorHandler(2, 'preg_match(): C...', '/home/jumpsta1/...', 470)
  #1 /home/jumpsta1/public_html/jumpstart.gg/wiki/lib/plugins/authplain/auth.php(470): preg_match('/*regret*/i', 'LimeLight')
  #2 /home/jumpsta1/public_html/jumpstart.gg/wiki/lib/plugins/authplain/auth.php(318): auth_plugin_authplain->filter('limelight', Array)
  #3 /home/jumpsta1/public_html/jumpstart.gg/wiki/lib/plugins/jumpstart/action.php(135): auth_plugin_authplain->retrieveUsers(0, 100, Array)
  #4 /home/jumpsta1/public_html/jumpstart.gg/wiki/inc/Extension/EventHandler.php(80): action_plugin_jumpstart->handle_userprofile_api(Object(dokuwiki\Extension\Event), NULL)
  #5 /home/jumpsta1/public_html/jumpstart.gg/wiki/inc/Extension/Event.php(75): dokuwiki\Extension\EventHandler->process_event(Object(dokuwiki\Extension\Event), 'BEFORE')
  #6 /home/jumpsta1/public_html/jumpstart.gg/wiki/inc/ActionRouter.php(83): dokuwiki\Extension\Event->advise_before()
  #7 /home/jumpsta1/public_html/jumpstart.gg/wiki/inc/ActionRouter.php(49): dokuwiki\ActionRouter->setupAction('searchusers')
  #8 /home/jumpsta1/public_html/jumpstart.gg/wiki/inc/ActionRouter.php(62): dokuwiki\ActionRouter->__construct()
  #9 /home/jumpsta1/public_html/jumpstart.gg/wiki/inc/actions.php(19): dokuwiki\ActionRouter::getInstance(true)
  #10 /home/jumpsta1/public_html/jumpstart.gg/wiki/doku.php(131): act_dispatch()
  #11 {main}
2026-06-18 21:09:58	/home/jumpsta1/public_html/jumpstart.gg/wiki/lib/plugins/authplain/auth.php(467)	E_WARNING: preg_match(): Compilation failed: quantifier does not follow a repeatable item at offset 0
  #0 [internal function]: dokuwiki\ErrorHandler::errorHandler(2, 'preg_match(): C...', '/home/jumpsta1/...', 467)
  #1 /home/jumpsta1/public_html/jumpstart.gg/wiki/lib/plugins/authplain/auth.php(467): preg_match('/*regret*/i', '4800lightbulbs')
  #2 /home/jumpsta1/public_html/jumpstart.gg/wiki/lib/plugins/authplain/auth.php(318): auth_plugin_authplain->filter('4800lightbulbs', Array)
  #3 /home/jumpsta1/public_html/jumpstart.gg/wiki/lib/plugins/jumpstart/action.php(136): auth_plugin_authplain->retrieveUsers(0, 100, Array)
  #4 /home/jumpsta1/public_html/jumpstart.gg/wiki/inc/Extension/EventHandler.php(80): action_plugin_jumpstart->handle_userprofile_api(Object(dokuwiki\Extension\Event), NULL)
  #5 /home/jumpsta1/public_html/jumpstart.gg/wiki/inc/Extension/Event.php(75): dokuwiki\Extension\EventHandler->process_event(Object(dokuwiki\Extension\Event), 'BEFORE')
  #6 /home/jumpsta1/public_html/jumpstart.gg/wiki/inc/ActionRouter.php(83): dokuwiki\Extension\Event->advise_before()
  #7 /home/jumpsta1/public_html/jumpstart.gg/wiki/inc/ActionRouter.php(49): dokuwiki\ActionRouter->setupAction('searchusers')
  #8 /home/jumpsta1/public_html/jumpstart.gg/wiki/inc/ActionRouter.php(62): dokuwiki\ActionRouter->__construct()
  #9 /home/jumpsta1/public_html/jumpstart.gg/wiki/inc/actions.php(19): dokuwiki\ActionRouter::getInstance(true)
  #10 /home/jumpsta1/public_html/jumpstart.gg/wiki/doku.php(131): act_dispatch()
  #11 {main}
2026-06-18 21:09:58	/home/jumpsta1/public_html/jumpstart.gg/wiki/lib/plugins/authplain/auth.php(467)	E_WARNING: preg_match(): Compilation failed: quantifier does not follow a repeatable item at offset 0
  #0 [internal function]: dokuwiki\ErrorHandler::errorHandler(2, 'preg_match(): C...', '/home/jumpsta1/...', 467)
  #1 /home/jumpsta1/public_html/jumpstart.gg/wiki/lib/plugins/authplain/auth.php(467): preg_match('/*regret*/i', 'awooga_dl')
  #2 /home/jumpsta1/public_html/jumpstart.gg/wiki/lib/plugins/authplain/auth.php(318): auth_plugin_authplain->filter('awooga_dl', Array)
  #3 /home/jumpsta1/public_html/jumpstart.gg/wiki/lib/plugins/jumpstart/action.php(136): auth_plugin_authplain->retrieveUsers(0, 100, Array)
  #4 /home/jumpsta1/public_html/jumpstart.gg/wiki/inc/Extension/EventHandler.php(80): action_plugin_jumpstart->handle_userprofile_api(Object(dokuwiki\Extension\Event), NULL)
  #5 /home/jumpsta1/public_html/jumpstart.gg/wiki/inc/Extension/Event.php(75): dokuwiki\Extension\EventHandler->process_event(Object(dokuwiki\Extension\Event), 'BEFORE')
  #6 /home/jumpsta1/public_html/jumpstart.gg/wiki/inc/ActionRouter.php(83): dokuwiki\Extension\Event->advise_before()
  #7 /home/jumpsta1/public_html/jumpstart.gg/wiki/inc/ActionRouter.php(49): dokuwiki\ActionRouter->setupAction('searchusers')
  #8 /home/jumpsta1/public_html/jumpstart.gg/wiki/inc/ActionRouter.php(62): dokuwiki\ActionRouter->__construct()
  #9 /home/jumpsta1/public_html/jumpstart.gg/wiki/inc/actions.php(19): dokuwiki\ActionRouter::getInstance(true)
  #10 /home/jumpsta1/public_html/jumpstart.gg/wiki/doku.php(131): act_dispatch()
  #11 {main}
2026-06-18 21:09:58	/home/jumpsta1/public_html/jumpstart.gg/wiki/lib/plugins/authplain/auth.php(467)	E_WARNING: preg_match(): Compilation failed: quantifier does not follow a repeatable item at offset 0
  #0 [internal function]: dokuwiki\ErrorHandler::errorHandler(2, 'preg_match(): C...', '/home/jumpsta1/...', 467)
  #1 /home/jumpsta1/public_html/jumpstart.gg/wiki/lib/plugins/authplain/auth.php(467): preg_match('/*regret*/i', 'jumpstartadmin')
  #2 /home/jumpsta1/public_html/jumpstart.gg/wiki/lib/plugins/authplain/auth.php(318): auth_plugin_authplain->filter('jumpstartadmin', Array)
  #3 /home/jumpsta1/public_html/jumpstart.gg/wiki/lib/plugins/jumpstart/action.php(136): auth_plugin_authplain->retrieveUsers(0, 100, Array)
  #4 /home/jumpsta1/public_html/jumpstart.gg/wiki/inc/Extension/EventHandler.php(80): action_plugin_jumpstart->handle_userprofile_api(Object(dokuwiki\Extension\Event), NULL)
  #5 /home/jumpsta1/public_html/jumpstart.gg/wiki/inc/Extension/Event.php(75): dokuwiki\Extension\EventHandler->process_event(Object(dokuwiki\Extension\Event), 'BEFORE')
  #6 /home/jumpsta1/public_html/jumpstart.gg/wiki/inc/ActionRouter.php(83): dokuwiki\Extension\Event->advise_before()
  #7 /home/jumpsta1/public_html/jumpstart.gg/wiki/inc/ActionRouter.php(49): dokuwiki\ActionRouter->setupAction('searchusers')
  #8 /home/jumpsta1/public_html/jumpstart.gg/wiki/inc/ActionRouter.php(62): dokuwiki\ActionRouter->__construct()
  #9 /home/jumpsta1/public_html/jumpstart.gg/wiki/inc/actions.php(19): dokuwiki\ActionRouter::getInstance(true)
  #10 /home/jumpsta1/public_html/jumpstart.gg/wiki/doku.php(131): act_dispatch()
  #11 {main}
2026-06-18 21:09:58	/home/jumpsta1/public_html/jumpstart.gg/wiki/lib/plugins/authplain/auth.php(467)	E_WARNING: preg_match(): Compilation failed: quantifier does not follow a repeatable item at offset 0
  #0 [internal function]: dokuwiki\ErrorHandler::errorHandler(2, 'preg_match(): C...', '/home/jumpsta1/...', 467)
  #1 /home/jumpsta1/public_html/jumpstart.gg/wiki/lib/plugins/authplain/auth.php(467): preg_match('/*regret*/i', 'limelight')
  #2 /home/jumpsta1/public_html/jumpstart.gg/wiki/lib/plugins/authplain/auth.php(318): auth_plugin_authplain->filter('limelight', Array)
  #3 /home/jumpsta1/public_html/jumpstart.gg/wiki/lib/plugins/jumpstart/action.php(136): auth_plugin_authplain->retrieveUsers(0, 100, Array)
  #4 /home/jumpsta1/public_html/jumpstart.gg/wiki/inc/Extension/EventHandler.php(80): action_plugin_jumpstart->handle_userprofile_api(Object(dokuwiki\Extension\Event), NULL)
  #5 /home/jumpsta1/public_html/jumpstart.gg/wiki/inc/Extension/Event.php(75): dokuwiki\Extension\EventHandler->process_event(Object(dokuwiki\Extension\Event), 'BEFORE')
  #6 /home/jumpsta1/public_html/jumpstart.gg/wiki/inc/ActionRouter.php(83): dokuwiki\Extension\Event->advise_before()
  #7 /home/jumpsta1/public_html/jumpstart.gg/wiki/inc/ActionRouter.php(49): dokuwiki\ActionRouter->setupAction('searchusers')
  #8 /home/jumpsta1/public_html/jumpstart.gg/wiki/inc/ActionRouter.php(62): dokuwiki\ActionRouter->__construct()
  #9 /home/jumpsta1/public_html/jumpstart.gg/wiki/inc/actions.php(19): dokuwiki\ActionRouter::getInstance(true)
  #10 /home/jumpsta1/public_html/jumpstart.gg/wiki/doku.php(131): act_dispatch()
  #11 {main}
2026-06-18 21:10:07	/home/jumpsta1/public_html/jumpstart.gg/wiki/lib/plugins/authplain/auth.php(470)	E_WARNING: preg_match(): Compilation failed: quantifier does not follow a repeatable item at offset 0
  #0 [internal function]: dokuwiki\ErrorHandler::errorHandler(2, 'preg_match(): C...', '/home/jumpsta1/...', 470)
  #1 /home/jumpsta1/public_html/jumpstart.gg/wiki/lib/plugins/authplain/auth.php(470): preg_match('/*awooga*/i', 'LimeLight')
  #2 /home/jumpsta1/public_html/jumpstart.gg/wiki/lib/plugins/authplain/auth.php(318): auth_plugin_authplain->filter('4800lightbulbs', Array)
  #3 /home/jumpsta1/public_html/jumpstart.gg/wiki/lib/plugins/jumpstart/action.php(135): auth_plugin_authplain->retrieveUsers(0, 100, Array)
  #4 /home/jumpsta1/public_html/jumpstart.gg/wiki/inc/Extension/EventHandler.php(80): action_plugin_jumpstart->handle_userprofile_api(Object(dokuwiki\Extension\Event), NULL)
  #5 /home/jumpsta1/public_html/jumpstart.gg/wiki/inc/Extension/Event.php(75): dokuwiki\Extension\EventHandler->process_event(Object(dokuwiki\Extension\Event), 'BEFORE')
  #6 /home/jumpsta1/public_html/jumpstart.gg/wiki/inc/ActionRouter.php(83): dokuwiki\Extension\Event->advise_before()
  #7 /home/jumpsta1/public_html/jumpstart.gg/wiki/inc/ActionRouter.php(49): dokuwiki\ActionRouter->setupAction('searchusers')
  #8 /home/jumpsta1/public_html/jumpstart.gg/wiki/inc/ActionRouter.php(62): dokuwiki\ActionRouter->__construct()
  #9 /home/jumpsta1/public_html/jumpstart.gg/wiki/inc/actions.php(19): dokuwiki\ActionRouter::getInstance(true)
  #10 /home/jumpsta1/public_html/jumpstart.gg/wiki/doku.php(131): act_dispatch()
  #11 {main}
2026-06-18 21:10:07	/home/jumpsta1/public_html/jumpstart.gg/wiki/lib/plugins/authplain/auth.php(470)	E_WARNING: preg_match(): Compilation failed: quantifier does not follow a repeatable item at offset 0
  #0 [internal function]: dokuwiki\ErrorHandler::errorHandler(2, 'preg_match(): C...', '/home/jumpsta1/...', 470)
  #1 /home/jumpsta1/public_html/jumpstart.gg/wiki/lib/plugins/authplain/auth.php(470): preg_match('/*awooga*/i', 'Awooga')
  #2 /home/jumpsta1/public_html/jumpstart.gg/wiki/lib/plugins/authplain/auth.php(318): auth_plugin_authplain->filter('awooga_dl', Array)
  #3 /home/jumpsta1/public_html/jumpstart.gg/wiki/lib/plugins/jumpstart/action.php(135): auth_plugin_authplain->retrieveUsers(0, 100, Array)
  #4 /home/jumpsta1/public_html/jumpstart.gg/wiki/inc/Extension/EventHandler.php(80): action_plugin_jumpstart->handle_userprofile_api(Object(dokuwiki\Extension\Event), NULL)
  #5 /home/jumpsta1/public_html/jumpstart.gg/wiki/inc/Extension/Event.php(75): dokuwiki\Extension\EventHandler->process_event(Object(dokuwiki\Extension\Event), 'BEFORE')
  #6 /home/jumpsta1/public_html/jumpstart.gg/wiki/inc/ActionRouter.php(83): dokuwiki\Extension\Event->advise_before()
  #7 /home/jumpsta1/public_html/jumpstart.gg/wiki/inc/ActionRouter.php(49): dokuwiki\ActionRouter->setupAction('searchusers')
  #8 /home/jumpsta1/public_html/jumpstart.gg/wiki/inc/ActionRouter.php(62): dokuwiki\ActionRouter->__construct()
  #9 /home/jumpsta1/public_html/jumpstart.gg/wiki/inc/actions.php(19): dokuwiki\ActionRouter::getInstance(true)
  #10 /home/jumpsta1/public_html/jumpstart.gg/wiki/doku.php(131): act_dispatch()
  #11 {main}
2026-06-18 21:10:07	/home/jumpsta1/public_html/jumpstart.gg/wiki/lib/plugins/authplain/auth.php(470)	E_WARNING: preg_match(): Compilation failed: quantifier does not follow a repeatable item at offset 0
  #0 [internal function]: dokuwiki\ErrorHandler::errorHandler(2, 'preg_match(): C...', '/home/jumpsta1/...', 470)
  #1 /home/jumpsta1/public_html/jumpstart.gg/wiki/lib/plugins/authplain/auth.php(470): preg_match('/*awooga*/i', 'RegretfulCurve')
  #2 /home/jumpsta1/public_html/jumpstart.gg/wiki/lib/plugins/authplain/auth.php(318): auth_plugin_authplain->filter('jumpstartadmin', Array)
  #3 /home/jumpsta1/public_html/jumpstart.gg/wiki/lib/plugins/jumpstart/action.php(135): auth_plugin_authplain->retrieveUsers(0, 100, Array)
  #4 /home/jumpsta1/public_html/jumpstart.gg/wiki/inc/Extension/EventHandler.php(80): action_plugin_jumpstart->handle_userprofile_api(Object(dokuwiki\Extension\Event), NULL)
  #5 /home/jumpsta1/public_html/jumpstart.gg/wiki/inc/Extension/Event.php(75): dokuwiki\Extension\EventHandler->process_event(Object(dokuwiki\Extension\Event), 'BEFORE')
  #6 /home/jumpsta1/public_html/jumpstart.gg/wiki/inc/ActionRouter.php(83): dokuwiki\Extension\Event->advise_before()
  #7 /home/jumpsta1/public_html/jumpstart.gg/wiki/inc/ActionRouter.php(49): dokuwiki\ActionRouter->setupAction('searchusers')
  #8 /home/jumpsta1/public_html/jumpstart.gg/wiki/inc/ActionRouter.php(62): dokuwiki\ActionRouter->__construct()
  #9 /home/jumpsta1/public_html/jumpstart.gg/wiki/inc/actions.php(19): dokuwiki\ActionRouter::getInstance(true)
  #10 /home/jumpsta1/public_html/jumpstart.gg/wiki/doku.php(131): act_dispatch()
  #11 {main}
2026-06-18 21:10:07	/home/jumpsta1/public_html/jumpstart.gg/wiki/lib/plugins/authplain/auth.php(470)	E_WARNING: preg_match(): Compilation failed: quantifier does not follow a repeatable item at offset 0
  #0 [internal function]: dokuwiki\ErrorHandler::errorHandler(2, 'preg_match(): C...', '/home/jumpsta1/...', 470)
  #1 /home/jumpsta1/public_html/jumpstart.gg/wiki/lib/plugins/authplain/auth.php(470): preg_match('/*awooga*/i', 'LimeLight')
  #2 /home/jumpsta1/public_html/jumpstart.gg/wiki/lib/plugins/authplain/auth.php(318): auth_plugin_authplain->filter('limelight', Array)
  #3 /home/jumpsta1/public_html/jumpstart.gg/wiki/lib/plugins/jumpstart/action.php(135): auth_plugin_authplain->retrieveUsers(0, 100, Array)
  #4 /home/jumpsta1/public_html/jumpstart.gg/wiki/inc/Extension/EventHandler.php(80): action_plugin_jumpstart->handle_userprofile_api(Object(dokuwiki\Extension\Event), NULL)
  #5 /home/jumpsta1/public_html/jumpstart.gg/wiki/inc/Extension/Event.php(75): dokuwiki\Extension\EventHandler->process_event(Object(dokuwiki\Extension\Event), 'BEFORE')
  #6 /home/jumpsta1/public_html/jumpstart.gg/wiki/inc/ActionRouter.php(83): dokuwiki\Extension\Event->advise_before()
  #7 /home/jumpsta1/public_html/jumpstart.gg/wiki/inc/ActionRouter.php(49): dokuwiki\ActionRouter->setupAction('searchusers')
  #8 /home/jumpsta1/public_html/jumpstart.gg/wiki/inc/ActionRouter.php(62): dokuwiki\ActionRouter->__construct()
  #9 /home/jumpsta1/public_html/jumpstart.gg/wiki/inc/actions.php(19): dokuwiki\ActionRouter::getInstance(true)
  #10 /home/jumpsta1/public_html/jumpstart.gg/wiki/doku.php(131): act_dispatch()
  #11 {main}
2026-06-18 21:10:07	/home/jumpsta1/public_html/jumpstart.gg/wiki/lib/plugins/authplain/auth.php(467)	E_WARNING: preg_match(): Compilation failed: quantifier does not follow a repeatable item at offset 0
  #0 [internal function]: dokuwiki\ErrorHandler::errorHandler(2, 'preg_match(): C...', '/home/jumpsta1/...', 467)
  #1 /home/jumpsta1/public_html/jumpstart.gg/wiki/lib/plugins/authplain/auth.php(467): preg_match('/*awooga*/i', '4800lightbulbs')
  #2 /home/jumpsta1/public_html/jumpstart.gg/wiki/lib/plugins/authplain/auth.php(318): auth_plugin_authplain->filter('4800lightbulbs', Array)
  #3 /home/jumpsta1/public_html/jumpstart.gg/wiki/lib/plugins/jumpstart/action.php(136): auth_plugin_authplain->retrieveUsers(0, 100, Array)
  #4 /home/jumpsta1/public_html/jumpstart.gg/wiki/inc/Extension/EventHandler.php(80): action_plugin_jumpstart->handle_userprofile_api(Object(dokuwiki\Extension\Event), NULL)
  #5 /home/jumpsta1/public_html/jumpstart.gg/wiki/inc/Extension/Event.php(75): dokuwiki\Extension\EventHandler->process_event(Object(dokuwiki\Extension\Event), 'BEFORE')
  #6 /home/jumpsta1/public_html/jumpstart.gg/wiki/inc/ActionRouter.php(83): dokuwiki\Extension\Event->advise_before()
  #7 /home/jumpsta1/public_html/jumpstart.gg/wiki/inc/ActionRouter.php(49): dokuwiki\ActionRouter->setupAction('searchusers')
  #8 /home/jumpsta1/public_html/jumpstart.gg/wiki/inc/ActionRouter.php(62): dokuwiki\ActionRouter->__construct()
  #9 /home/jumpsta1/public_html/jumpstart.gg/wiki/inc/actions.php(19): dokuwiki\ActionRouter::getInstance(true)
  #10 /home/jumpsta1/public_html/jumpstart.gg/wiki/doku.php(131): act_dispatch()
  #11 {main}
2026-06-18 21:10:07	/home/jumpsta1/public_html/jumpstart.gg/wiki/lib/plugins/authplain/auth.php(467)	E_WARNING: preg_match(): Compilation failed: quantifier does not follow a repeatable item at offset 0
  #0 [internal function]: dokuwiki\ErrorHandler::errorHandler(2, 'preg_match(): C...', '/home/jumpsta1/...', 467)
  #1 /home/jumpsta1/public_html/jumpstart.gg/wiki/lib/plugins/authplain/auth.php(467): preg_match('/*awooga*/i', 'awooga_dl')
  #2 /home/jumpsta1/public_html/jumpstart.gg/wiki/lib/plugins/authplain/auth.php(318): auth_plugin_authplain->filter('awooga_dl', Array)
  #3 /home/jumpsta1/public_html/jumpstart.gg/wiki/lib/plugins/jumpstart/action.php(136): auth_plugin_authplain->retrieveUsers(0, 100, Array)
  #4 /home/jumpsta1/public_html/jumpstart.gg/wiki/inc/Extension/EventHandler.php(80): action_plugin_jumpstart->handle_userprofile_api(Object(dokuwiki\Extension\Event), NULL)
  #5 /home/jumpsta1/public_html/jumpstart.gg/wiki/inc/Extension/Event.php(75): dokuwiki\Extension\EventHandler->process_event(Object(dokuwiki\Extension\Event), 'BEFORE')
  #6 /home/jumpsta1/public_html/jumpstart.gg/wiki/inc/ActionRouter.php(83): dokuwiki\Extension\Event->advise_before()
  #7 /home/jumpsta1/public_html/jumpstart.gg/wiki/inc/ActionRouter.php(49): dokuwiki\ActionRouter->setupAction('searchusers')
  #8 /home/jumpsta1/public_html/jumpstart.gg/wiki/inc/ActionRouter.php(62): dokuwiki\ActionRouter->__construct()
  #9 /home/jumpsta1/public_html/jumpstart.gg/wiki/inc/actions.php(19): dokuwiki\ActionRouter::getInstance(true)
  #10 /home/jumpsta1/public_html/jumpstart.gg/wiki/doku.php(131): act_dispatch()
  #11 {main}
2026-06-18 21:10:07	/home/jumpsta1/public_html/jumpstart.gg/wiki/lib/plugins/authplain/auth.php(467)	E_WARNING: preg_match(): Compilation failed: quantifier does not follow a repeatable item at offset 0
  #0 [internal function]: dokuwiki\ErrorHandler::errorHandler(2, 'preg_match(): C...', '/home/jumpsta1/...', 467)
  #1 /home/jumpsta1/public_html/jumpstart.gg/wiki/lib/plugins/authplain/auth.php(467): preg_match('/*awooga*/i', 'jumpstartadmin')
  #2 /home/jumpsta1/public_html/jumpstart.gg/wiki/lib/plugins/authplain/auth.php(318): auth_plugin_authplain->filter('jumpstartadmin', Array)
  #3 /home/jumpsta1/public_html/jumpstart.gg/wiki/lib/plugins/jumpstart/action.php(136): auth_plugin_authplain->retrieveUsers(0, 100, Array)
  #4 /home/jumpsta1/public_html/jumpstart.gg/wiki/inc/Extension/EventHandler.php(80): action_plugin_jumpstart->handle_userprofile_api(Object(dokuwiki\Extension\Event), NULL)
  #5 /home/jumpsta1/public_html/jumpstart.gg/wiki/inc/Extension/Event.php(75): dokuwiki\Extension\EventHandler->process_event(Object(dokuwiki\Extension\Event), 'BEFORE')
  #6 /home/jumpsta1/public_html/jumpstart.gg/wiki/inc/ActionRouter.php(83): dokuwiki\Extension\Event->advise_before()
  #7 /home/jumpsta1/public_html/jumpstart.gg/wiki/inc/ActionRouter.php(49): dokuwiki\ActionRouter->setupAction('searchusers')
  #8 /home/jumpsta1/public_html/jumpstart.gg/wiki/inc/ActionRouter.php(62): dokuwiki\ActionRouter->__construct()
  #9 /home/jumpsta1/public_html/jumpstart.gg/wiki/inc/actions.php(19): dokuwiki\ActionRouter::getInstance(true)
  #10 /home/jumpsta1/public_html/jumpstart.gg/wiki/doku.php(131): act_dispatch()
  #11 {main}
2026-06-18 21:10:07	/home/jumpsta1/public_html/jumpstart.gg/wiki/lib/plugins/authplain/auth.php(467)	E_WARNING: preg_match(): Compilation failed: quantifier does not follow a repeatable item at offset 0
  #0 [internal function]: dokuwiki\ErrorHandler::errorHandler(2, 'preg_match(): C...', '/home/jumpsta1/...', 467)
  #1 /home/jumpsta1/public_html/jumpstart.gg/wiki/lib/plugins/authplain/auth.php(467): preg_match('/*awooga*/i', 'limelight')
  #2 /home/jumpsta1/public_html/jumpstart.gg/wiki/lib/plugins/authplain/auth.php(318): auth_plugin_authplain->filter('limelight', Array)
  #3 /home/jumpsta1/public_html/jumpstart.gg/wiki/lib/plugins/jumpstart/action.php(136): auth_plugin_authplain->retrieveUsers(0, 100, Array)
  #4 /home/jumpsta1/public_html/jumpstart.gg/wiki/inc/Extension/EventHandler.php(80): action_plugin_jumpstart->handle_userprofile_api(Object(dokuwiki\Extension\Event), NULL)
  #5 /home/jumpsta1/public_html/jumpstart.gg/wiki/inc/Extension/Event.php(75): dokuwiki\Extension\EventHandler->process_event(Object(dokuwiki\Extension\Event), 'BEFORE')
  #6 /home/jumpsta1/public_html/jumpstart.gg/wiki/inc/ActionRouter.php(83): dokuwiki\Extension\Event->advise_before()
  #7 /home/jumpsta1/public_html/jumpstart.gg/wiki/inc/ActionRouter.php(49): dokuwiki\ActionRouter->setupAction('searchusers')
  #8 /home/jumpsta1/public_html/jumpstart.gg/wiki/inc/ActionRouter.php(62): dokuwiki\ActionRouter->__construct()
  #9 /home/jumpsta1/public_html/jumpstart.gg/wiki/inc/actions.php(19): dokuwiki\ActionRouter::getInstance(true)
  #10 /home/jumpsta1/public_html/jumpstart.gg/wiki/doku.php(131): act_dispatch()
  #11 {main}
2026-06-18 21:10:08	/home/jumpsta1/public_html/jumpstart.gg/wiki/lib/plugins/authplain/auth.php(470)	E_WARNING: preg_match(): Compilation failed: quantifier does not follow a repeatable item at offset 0
  #0 [internal function]: dokuwiki\ErrorHandler::errorHandler(2, 'preg_match(): C...', '/home/jumpsta1/...', 470)
  #1 /home/jumpsta1/public_html/jumpstart.gg/wiki/lib/plugins/authplain/auth.php(470): preg_match('/*awoog*/i', 'LimeLight')
  #2 /home/jumpsta1/public_html/jumpstart.gg/wiki/lib/plugins/authplain/auth.php(318): auth_plugin_authplain->filter('4800lightbulbs', Array)
  #3 /home/jumpsta1/public_html/jumpstart.gg/wiki/lib/plugins/jumpstart/action.php(135): auth_plugin_authplain->retrieveUsers(0, 100, Array)
  #4 /home/jumpsta1/public_html/jumpstart.gg/wiki/inc/Extension/EventHandler.php(80): action_plugin_jumpstart->handle_userprofile_api(Object(dokuwiki\Extension\Event), NULL)
  #5 /home/jumpsta1/public_html/jumpstart.gg/wiki/inc/Extension/Event.php(75): dokuwiki\Extension\EventHandler->process_event(Object(dokuwiki\Extension\Event), 'BEFORE')
  #6 /home/jumpsta1/public_html/jumpstart.gg/wiki/inc/ActionRouter.php(83): dokuwiki\Extension\Event->advise_before()
  #7 /home/jumpsta1/public_html/jumpstart.gg/wiki/inc/ActionRouter.php(49): dokuwiki\ActionRouter->setupAction('searchusers')
  #8 /home/jumpsta1/public_html/jumpstart.gg/wiki/inc/ActionRouter.php(62): dokuwiki\ActionRouter->__construct()
  #9 /home/jumpsta1/public_html/jumpstart.gg/wiki/inc/actions.php(19): dokuwiki\ActionRouter::getInstance(true)
  #10 /home/jumpsta1/public_html/jumpstart.gg/wiki/doku.php(131): act_dispatch()
  #11 {main}
2026-06-18 21:10:08	/home/jumpsta1/public_html/jumpstart.gg/wiki/lib/plugins/authplain/auth.php(470)	E_WARNING: preg_match(): Compilation failed: quantifier does not follow a repeatable item at offset 0
  #0 [internal function]: dokuwiki\ErrorHandler::errorHandler(2, 'preg_match(): C...', '/home/jumpsta1/...', 470)
  #1 /home/jumpsta1/public_html/jumpstart.gg/wiki/lib/plugins/authplain/auth.php(470): preg_match('/*awoog*/i', 'Awooga')
  #2 /home/jumpsta1/public_html/jumpstart.gg/wiki/lib/plugins/authplain/auth.php(318): auth_plugin_authplain->filter('awooga_dl', Array)
  #3 /home/jumpsta1/public_html/jumpstart.gg/wiki/lib/plugins/jumpstart/action.php(135): auth_plugin_authplain->retrieveUsers(0, 100, Array)
  #4 /home/jumpsta1/public_html/jumpstart.gg/wiki/inc/Extension/EventHandler.php(80): action_plugin_jumpstart->handle_userprofile_api(Object(dokuwiki\Extension\Event), NULL)
  #5 /home/jumpsta1/public_html/jumpstart.gg/wiki/inc/Extension/Event.php(75): dokuwiki\Extension\EventHandler->process_event(Object(dokuwiki\Extension\Event), 'BEFORE')
  #6 /home/jumpsta1/public_html/jumpstart.gg/wiki/inc/ActionRouter.php(83): dokuwiki\Extension\Event->advise_before()
  #7 /home/jumpsta1/public_html/jumpstart.gg/wiki/inc/ActionRouter.php(49): dokuwiki\ActionRouter->setupAction('searchusers')
  #8 /home/jumpsta1/public_html/jumpstart.gg/wiki/inc/ActionRouter.php(62): dokuwiki\ActionRouter->__construct()
  #9 /home/jumpsta1/public_html/jumpstart.gg/wiki/inc/actions.php(19): dokuwiki\ActionRouter::getInstance(true)
  #10 /home/jumpsta1/public_html/jumpstart.gg/wiki/doku.php(131): act_dispatch()
  #11 {main}
2026-06-18 21:10:08	/home/jumpsta1/public_html/jumpstart.gg/wiki/lib/plugins/authplain/auth.php(470)	E_WARNING: preg_match(): Compilation failed: quantifier does not follow a repeatable item at offset 0
  #0 [internal function]: dokuwiki\ErrorHandler::errorHandler(2, 'preg_match(): C...', '/home/jumpsta1/...', 470)
  #1 /home/jumpsta1/public_html/jumpstart.gg/wiki/lib/plugins/authplain/auth.php(470): preg_match('/*awoog*/i', 'RegretfulCurve')
  #2 /home/jumpsta1/public_html/jumpstart.gg/wiki/lib/plugins/authplain/auth.php(318): auth_plugin_authplain->filter('jumpstartadmin', Array)
  #3 /home/jumpsta1/public_html/jumpstart.gg/wiki/lib/plugins/jumpstart/action.php(135): auth_plugin_authplain->retrieveUsers(0, 100, Array)
  #4 /home/jumpsta1/public_html/jumpstart.gg/wiki/inc/Extension/EventHandler.php(80): action_plugin_jumpstart->handle_userprofile_api(Object(dokuwiki\Extension\Event), NULL)
  #5 /home/jumpsta1/public_html/jumpstart.gg/wiki/inc/Extension/Event.php(75): dokuwiki\Extension\EventHandler->process_event(Object(dokuwiki\Extension\Event), 'BEFORE')
  #6 /home/jumpsta1/public_html/jumpstart.gg/wiki/inc/ActionRouter.php(83): dokuwiki\Extension\Event->advise_before()
  #7 /home/jumpsta1/public_html/jumpstart.gg/wiki/inc/ActionRouter.php(49): dokuwiki\ActionRouter->setupAction('searchusers')
  #8 /home/jumpsta1/public_html/jumpstart.gg/wiki/inc/ActionRouter.php(62): dokuwiki\ActionRouter->__construct()
  #9 /home/jumpsta1/public_html/jumpstart.gg/wiki/inc/actions.php(19): dokuwiki\ActionRouter::getInstance(true)
  #10 /home/jumpsta1/public_html/jumpstart.gg/wiki/doku.php(131): act_dispatch()
  #11 {main}
2026-06-18 21:10:08	/home/jumpsta1/public_html/jumpstart.gg/wiki/lib/plugins/authplain/auth.php(470)	E_WARNING: preg_match(): Compilation failed: quantifier does not follow a repeatable item at offset 0
  #0 [internal function]: dokuwiki\ErrorHandler::errorHandler(2, 'preg_match(): C...', '/home/jumpsta1/...', 470)
  #1 /home/jumpsta1/public_html/jumpstart.gg/wiki/lib/plugins/authplain/auth.php(470): preg_match('/*awoog*/i', 'LimeLight')
  #2 /home/jumpsta1/public_html/jumpstart.gg/wiki/lib/plugins/authplain/auth.php(318): auth_plugin_authplain->filter('limelight', Array)
  #3 /home/jumpsta1/public_html/jumpstart.gg/wiki/lib/plugins/jumpstart/action.php(135): auth_plugin_authplain->retrieveUsers(0, 100, Array)
  #4 /home/jumpsta1/public_html/jumpstart.gg/wiki/inc/Extension/EventHandler.php(80): action_plugin_jumpstart->handle_userprofile_api(Object(dokuwiki\Extension\Event), NULL)
  #5 /home/jumpsta1/public_html/jumpstart.gg/wiki/inc/Extension/Event.php(75): dokuwiki\Extension\EventHandler->process_event(Object(dokuwiki\Extension\Event), 'BEFORE')
  #6 /home/jumpsta1/public_html/jumpstart.gg/wiki/inc/ActionRouter.php(83): dokuwiki\Extension\Event->advise_before()
  #7 /home/jumpsta1/public_html/jumpstart.gg/wiki/inc/ActionRouter.php(49): dokuwiki\ActionRouter->setupAction('searchusers')
  #8 /home/jumpsta1/public_html/jumpstart.gg/wiki/inc/ActionRouter.php(62): dokuwiki\ActionRouter->__construct()
  #9 /home/jumpsta1/public_html/jumpstart.gg/wiki/inc/actions.php(19): dokuwiki\ActionRouter::getInstance(true)
  #10 /home/jumpsta1/public_html/jumpstart.gg/wiki/doku.php(131): act_dispatch()
  #11 {main}
2026-06-18 21:10:08	/home/jumpsta1/public_html/jumpstart.gg/wiki/lib/plugins/authplain/auth.php(467)	E_WARNING: preg_match(): Compilation failed: quantifier does not follow a repeatable item at offset 0
  #0 [internal function]: dokuwiki\ErrorHandler::errorHandler(2, 'preg_match(): C...', '/home/jumpsta1/...', 467)
  #1 /home/jumpsta1/public_html/jumpstart.gg/wiki/lib/plugins/authplain/auth.php(467): preg_match('/*awoog*/i', '4800lightbulbs')
  #2 /home/jumpsta1/public_html/jumpstart.gg/wiki/lib/plugins/authplain/auth.php(318): auth_plugin_authplain->filter('4800lightbulbs', Array)
  #3 /home/jumpsta1/public_html/jumpstart.gg/wiki/lib/plugins/jumpstart/action.php(136): auth_plugin_authplain->retrieveUsers(0, 100, Array)
  #4 /home/jumpsta1/public_html/jumpstart.gg/wiki/inc/Extension/EventHandler.php(80): action_plugin_jumpstart->handle_userprofile_api(Object(dokuwiki\Extension\Event), NULL)
  #5 /home/jumpsta1/public_html/jumpstart.gg/wiki/inc/Extension/Event.php(75): dokuwiki\Extension\EventHandler->process_event(Object(dokuwiki\Extension\Event), 'BEFORE')
  #6 /home/jumpsta1/public_html/jumpstart.gg/wiki/inc/ActionRouter.php(83): dokuwiki\Extension\Event->advise_before()
  #7 /home/jumpsta1/public_html/jumpstart.gg/wiki/inc/ActionRouter.php(49): dokuwiki\ActionRouter->setupAction('searchusers')
  #8 /home/jumpsta1/public_html/jumpstart.gg/wiki/inc/ActionRouter.php(62): dokuwiki\ActionRouter->__construct()
  #9 /home/jumpsta1/public_html/jumpstart.gg/wiki/inc/actions.php(19): dokuwiki\ActionRouter::getInstance(true)
  #10 /home/jumpsta1/public_html/jumpstart.gg/wiki/doku.php(131): act_dispatch()
  #11 {main}
2026-06-18 21:10:08	/home/jumpsta1/public_html/jumpstart.gg/wiki/lib/plugins/authplain/auth.php(467)	E_WARNING: preg_match(): Compilation failed: quantifier does not follow a repeatable item at offset 0
  #0 [internal function]: dokuwiki\ErrorHandler::errorHandler(2, 'preg_match(): C...', '/home/jumpsta1/...', 467)
  #1 /home/jumpsta1/public_html/jumpstart.gg/wiki/lib/plugins/authplain/auth.php(467): preg_match('/*awoog*/i', 'awooga_dl')
  #2 /home/jumpsta1/public_html/jumpstart.gg/wiki/lib/plugins/authplain/auth.php(318): auth_plugin_authplain->filter('awooga_dl', Array)
  #3 /home/jumpsta1/public_html/jumpstart.gg/wiki/lib/plugins/jumpstart/action.php(136): auth_plugin_authplain->retrieveUsers(0, 100, Array)
  #4 /home/jumpsta1/public_html/jumpstart.gg/wiki/inc/Extension/EventHandler.php(80): action_plugin_jumpstart->handle_userprofile_api(Object(dokuwiki\Extension\Event), NULL)
  #5 /home/jumpsta1/public_html/jumpstart.gg/wiki/inc/Extension/Event.php(75): dokuwiki\Extension\EventHandler->process_event(Object(dokuwiki\Extension\Event), 'BEFORE')
  #6 /home/jumpsta1/public_html/jumpstart.gg/wiki/inc/ActionRouter.php(83): dokuwiki\Extension\Event->advise_before()
  #7 /home/jumpsta1/public_html/jumpstart.gg/wiki/inc/ActionRouter.php(49): dokuwiki\ActionRouter->setupAction('searchusers')
  #8 /home/jumpsta1/public_html/jumpstart.gg/wiki/inc/ActionRouter.php(62): dokuwiki\ActionRouter->__construct()
  #9 /home/jumpsta1/public_html/jumpstart.gg/wiki/inc/actions.php(19): dokuwiki\ActionRouter::getInstance(true)
  #10 /home/jumpsta1/public_html/jumpstart.gg/wiki/doku.php(131): act_dispatch()
  #11 {main}
2026-06-18 21:10:08	/home/jumpsta1/public_html/jumpstart.gg/wiki/lib/plugins/authplain/auth.php(467)	E_WARNING: preg_match(): Compilation failed: quantifier does not follow a repeatable item at offset 0
  #0 [internal function]: dokuwiki\ErrorHandler::errorHandler(2, 'preg_match(): C...', '/home/jumpsta1/...', 467)
  #1 /home/jumpsta1/public_html/jumpstart.gg/wiki/lib/plugins/authplain/auth.php(467): preg_match('/*awoog*/i', 'jumpstartadmin')
  #2 /home/jumpsta1/public_html/jumpstart.gg/wiki/lib/plugins/authplain/auth.php(318): auth_plugin_authplain->filter('jumpstartadmin', Array)
  #3 /home/jumpsta1/public_html/jumpstart.gg/wiki/lib/plugins/jumpstart/action.php(136): auth_plugin_authplain->retrieveUsers(0, 100, Array)
  #4 /home/jumpsta1/public_html/jumpstart.gg/wiki/inc/Extension/EventHandler.php(80): action_plugin_jumpstart->handle_userprofile_api(Object(dokuwiki\Extension\Event), NULL)
  #5 /home/jumpsta1/public_html/jumpstart.gg/wiki/inc/Extension/Event.php(75): dokuwiki\Extension\EventHandler->process_event(Object(dokuwiki\Extension\Event), 'BEFORE')
  #6 /home/jumpsta1/public_html/jumpstart.gg/wiki/inc/ActionRouter.php(83): dokuwiki\Extension\Event->advise_before()
  #7 /home/jumpsta1/public_html/jumpstart.gg/wiki/inc/ActionRouter.php(49): dokuwiki\ActionRouter->setupAction('searchusers')
  #8 /home/jumpsta1/public_html/jumpstart.gg/wiki/inc/ActionRouter.php(62): dokuwiki\ActionRouter->__construct()
  #9 /home/jumpsta1/public_html/jumpstart.gg/wiki/inc/actions.php(19): dokuwiki\ActionRouter::getInstance(true)
  #10 /home/jumpsta1/public_html/jumpstart.gg/wiki/doku.php(131): act_dispatch()
  #11 {main}
2026-06-18 21:10:08	/home/jumpsta1/public_html/jumpstart.gg/wiki/lib/plugins/authplain/auth.php(467)	E_WARNING: preg_match(): Compilation failed: quantifier does not follow a repeatable item at offset 0
  #0 [internal function]: dokuwiki\ErrorHandler::errorHandler(2, 'preg_match(): C...', '/home/jumpsta1/...', 467)
  #1 /home/jumpsta1/public_html/jumpstart.gg/wiki/lib/plugins/authplain/auth.php(467): preg_match('/*awoog*/i', 'limelight')
  #2 /home/jumpsta1/public_html/jumpstart.gg/wiki/lib/plugins/authplain/auth.php(318): auth_plugin_authplain->filter('limelight', Array)
  #3 /home/jumpsta1/public_html/jumpstart.gg/wiki/lib/plugins/jumpstart/action.php(136): auth_plugin_authplain->retrieveUsers(0, 100, Array)
  #4 /home/jumpsta1/public_html/jumpstart.gg/wiki/inc/Extension/EventHandler.php(80): action_plugin_jumpstart->handle_userprofile_api(Object(dokuwiki\Extension\Event), NULL)
  #5 /home/jumpsta1/public_html/jumpstart.gg/wiki/inc/Extension/Event.php(75): dokuwiki\Extension\EventHandler->process_event(Object(dokuwiki\Extension\Event), 'BEFORE')
  #6 /home/jumpsta1/public_html/jumpstart.gg/wiki/inc/ActionRouter.php(83): dokuwiki\Extension\Event->advise_before()
  #7 /home/jumpsta1/public_html/jumpstart.gg/wiki/inc/ActionRouter.php(49): dokuwiki\ActionRouter->setupAction('searchusers')
  #8 /home/jumpsta1/public_html/jumpstart.gg/wiki/inc/ActionRouter.php(62): dokuwiki\ActionRouter->__construct()
  #9 /home/jumpsta1/public_html/jumpstart.gg/wiki/inc/actions.php(19): dokuwiki\ActionRouter::getInstance(true)
  #10 /home/jumpsta1/public_html/jumpstart.gg/wiki/doku.php(131): act_dispatch()
  #11 {main}
2026-06-18 21:10:11	/home/jumpsta1/public_html/jumpstart.gg/wiki/lib/plugins/authplain/auth.php(470)	E_WARNING: preg_match(): Compilation failed: quantifier does not follow a repeatable item at offset 0
  #0 [internal function]: dokuwiki\ErrorHandler::errorHandler(2, 'preg_match(): C...', '/home/jumpsta1/...', 470)
  #1 /home/jumpsta1/public_html/jumpstart.gg/wiki/lib/plugins/authplain/auth.php(470): preg_match('/*regretfulcur*...', 'LimeLight')
  #2 /home/jumpsta1/public_html/jumpstart.gg/wiki/lib/plugins/authplain/auth.php(318): auth_plugin_authplain->filter('4800lightbulbs', Array)
  #3 /home/jumpsta1/public_html/jumpstart.gg/wiki/lib/plugins/jumpstart/action.php(135): auth_plugin_authplain->retrieveUsers(0, 100, Array)
  #4 /home/jumpsta1/public_html/jumpstart.gg/wiki/inc/Extension/EventHandler.php(80): action_plugin_jumpstart->handle_userprofile_api(Object(dokuwiki\Extension\Event), NULL)
  #5 /home/jumpsta1/public_html/jumpstart.gg/wiki/inc/Extension/Event.php(75): dokuwiki\Extension\EventHandler->process_event(Object(dokuwiki\Extension\Event), 'BEFORE')
  #6 /home/jumpsta1/public_html/jumpstart.gg/wiki/inc/ActionRouter.php(83): dokuwiki\Extension\Event->advise_before()
  #7 /home/jumpsta1/public_html/jumpstart.gg/wiki/inc/ActionRouter.php(49): dokuwiki\ActionRouter->setupAction('searchusers')
  #8 /home/jumpsta1/public_html/jumpstart.gg/wiki/inc/ActionRouter.php(62): dokuwiki\ActionRouter->__construct()
  #9 /home/jumpsta1/public_html/jumpstart.gg/wiki/inc/actions.php(19): dokuwiki\ActionRouter::getInstance(true)
  #10 /home/jumpsta1/public_html/jumpstart.gg/wiki/doku.php(131): act_dispatch()
  #11 {main}
2026-06-18 21:10:11	/home/jumpsta1/public_html/jumpstart.gg/wiki/lib/plugins/authplain/auth.php(470)	E_WARNING: preg_match(): Compilation failed: quantifier does not follow a repeatable item at offset 0
  #0 [internal function]: dokuwiki\ErrorHandler::errorHandler(2, 'preg_match(): C...', '/home/jumpsta1/...', 470)
  #1 /home/jumpsta1/public_html/jumpstart.gg/wiki/lib/plugins/authplain/auth.php(470): preg_match('/*regretfulcur*...', 'Awooga')
  #2 /home/jumpsta1/public_html/jumpstart.gg/wiki/lib/plugins/authplain/auth.php(318): auth_plugin_authplain->filter('awooga_dl', Array)
  #3 /home/jumpsta1/public_html/jumpstart.gg/wiki/lib/plugins/jumpstart/action.php(135): auth_plugin_authplain->retrieveUsers(0, 100, Array)
  #4 /home/jumpsta1/public_html/jumpstart.gg/wiki/inc/Extension/EventHandler.php(80): action_plugin_jumpstart->handle_userprofile_api(Object(dokuwiki\Extension\Event), NULL)
  #5 /home/jumpsta1/public_html/jumpstart.gg/wiki/inc/Extension/Event.php(75): dokuwiki\Extension\EventHandler->process_event(Object(dokuwiki\Extension\Event), 'BEFORE')
  #6 /home/jumpsta1/public_html/jumpstart.gg/wiki/inc/ActionRouter.php(83): dokuwiki\Extension\Event->advise_before()
  #7 /home/jumpsta1/public_html/jumpstart.gg/wiki/inc/ActionRouter.php(49): dokuwiki\ActionRouter->setupAction('searchusers')
  #8 /home/jumpsta1/public_html/jumpstart.gg/wiki/inc/ActionRouter.php(62): dokuwiki\ActionRouter->__construct()
  #9 /home/jumpsta1/public_html/jumpstart.gg/wiki/inc/actions.php(19): dokuwiki\ActionRouter::getInstance(true)
  #10 /home/jumpsta1/public_html/jumpstart.gg/wiki/doku.php(131): act_dispatch()
  #11 {main}
2026-06-18 21:10:11	/home/jumpsta1/public_html/jumpstart.gg/wiki/lib/plugins/authplain/auth.php(470)	E_WARNING: preg_match(): Compilation failed: quantifier does not follow a repeatable item at offset 0
  #0 [internal function]: dokuwiki\ErrorHandler::errorHandler(2, 'preg_match(): C...', '/home/jumpsta1/...', 470)
  #1 /home/jumpsta1/public_html/jumpstart.gg/wiki/lib/plugins/authplain/auth.php(470): preg_match('/*regretfulcur*...', 'RegretfulCurve')
  #2 /home/jumpsta1/public_html/jumpstart.gg/wiki/lib/plugins/authplain/auth.php(318): auth_plugin_authplain->filter('jumpstartadmin', Array)
  #3 /home/jumpsta1/public_html/jumpstart.gg/wiki/lib/plugins/jumpstart/action.php(135): auth_plugin_authplain->retrieveUsers(0, 100, Array)
  #4 /home/jumpsta1/public_html/jumpstart.gg/wiki/inc/Extension/EventHandler.php(80): action_plugin_jumpstart->handle_userprofile_api(Object(dokuwiki\Extension\Event), NULL)
  #5 /home/jumpsta1/public_html/jumpstart.gg/wiki/inc/Extension/Event.php(75): dokuwiki\Extension\EventHandler->process_event(Object(dokuwiki\Extension\Event), 'BEFORE')
  #6 /home/jumpsta1/public_html/jumpstart.gg/wiki/inc/ActionRouter.php(83): dokuwiki\Extension\Event->advise_before()
  #7 /home/jumpsta1/public_html/jumpstart.gg/wiki/inc/ActionRouter.php(49): dokuwiki\ActionRouter->setupAction('searchusers')
  #8 /home/jumpsta1/public_html/jumpstart.gg/wiki/inc/ActionRouter.php(62): dokuwiki\ActionRouter->__construct()
  #9 /home/jumpsta1/public_html/jumpstart.gg/wiki/inc/actions.php(19): dokuwiki\ActionRouter::getInstance(true)
  #10 /home/jumpsta1/public_html/jumpstart.gg/wiki/doku.php(131): act_dispatch()
  #11 {main}
2026-06-18 21:10:11	/home/jumpsta1/public_html/jumpstart.gg/wiki/lib/plugins/authplain/auth.php(470)	E_WARNING: preg_match(): Compilation failed: quantifier does not follow a repeatable item at offset 0
  #0 [internal function]: dokuwiki\ErrorHandler::errorHandler(2, 'preg_match(): C...', '/home/jumpsta1/...', 470)
  #1 /home/jumpsta1/public_html/jumpstart.gg/wiki/lib/plugins/authplain/auth.php(470): preg_match('/*regretfulcur*...', 'LimeLight')
  #2 /home/jumpsta1/public_html/jumpstart.gg/wiki/lib/plugins/authplain/auth.php(318): auth_plugin_authplain->filter('limelight', Array)
  #3 /home/jumpsta1/public_html/jumpstart.gg/wiki/lib/plugins/jumpstart/action.php(135): auth_plugin_authplain->retrieveUsers(0, 100, Array)
  #4 /home/jumpsta1/public_html/jumpstart.gg/wiki/inc/Extension/EventHandler.php(80): action_plugin_jumpstart->handle_userprofile_api(Object(dokuwiki\Extension\Event), NULL)
  #5 /home/jumpsta1/public_html/jumpstart.gg/wiki/inc/Extension/Event.php(75): dokuwiki\Extension\EventHandler->process_event(Object(dokuwiki\Extension\Event), 'BEFORE')
  #6 /home/jumpsta1/public_html/jumpstart.gg/wiki/inc/ActionRouter.php(83): dokuwiki\Extension\Event->advise_before()
  #7 /home/jumpsta1/public_html/jumpstart.gg/wiki/inc/ActionRouter.php(49): dokuwiki\ActionRouter->setupAction('searchusers')
  #8 /home/jumpsta1/public_html/jumpstart.gg/wiki/inc/ActionRouter.php(62): dokuwiki\ActionRouter->__construct()
  #9 /home/jumpsta1/public_html/jumpstart.gg/wiki/inc/actions.php(19): dokuwiki\ActionRouter::getInstance(true)
  #10 /home/jumpsta1/public_html/jumpstart.gg/wiki/doku.php(131): act_dispatch()
  #11 {main}
2026-06-18 21:10:11	/home/jumpsta1/public_html/jumpstart.gg/wiki/lib/plugins/authplain/auth.php(467)	E_WARNING: preg_match(): Compilation failed: quantifier does not follow a repeatable item at offset 0
  #0 [internal function]: dokuwiki\ErrorHandler::errorHandler(2, 'preg_match(): C...', '/home/jumpsta1/...', 467)
  #1 /home/jumpsta1/public_html/jumpstart.gg/wiki/lib/plugins/authplain/auth.php(467): preg_match('/*regretfulcur*...', '4800lightbulbs')
  #2 /home/jumpsta1/public_html/jumpstart.gg/wiki/lib/plugins/authplain/auth.php(318): auth_plugin_authplain->filter('4800lightbulbs', Array)
  #3 /home/jumpsta1/public_html/jumpstart.gg/wiki/lib/plugins/jumpstart/action.php(136): auth_plugin_authplain->retrieveUsers(0, 100, Array)
  #4 /home/jumpsta1/public_html/jumpstart.gg/wiki/inc/Extension/EventHandler.php(80): action_plugin_jumpstart->handle_userprofile_api(Object(dokuwiki\Extension\Event), NULL)
  #5 /home/jumpsta1/public_html/jumpstart.gg/wiki/inc/Extension/Event.php(75): dokuwiki\Extension\EventHandler->process_event(Object(dokuwiki\Extension\Event), 'BEFORE')
  #6 /home/jumpsta1/public_html/jumpstart.gg/wiki/inc/ActionRouter.php(83): dokuwiki\Extension\Event->advise_before()
  #7 /home/jumpsta1/public_html/jumpstart.gg/wiki/inc/ActionRouter.php(49): dokuwiki\ActionRouter->setupAction('searchusers')
  #8 /home/jumpsta1/public_html/jumpstart.gg/wiki/inc/ActionRouter.php(62): dokuwiki\ActionRouter->__construct()
  #9 /home/jumpsta1/public_html/jumpstart.gg/wiki/inc/actions.php(19): dokuwiki\ActionRouter::getInstance(true)
  #10 /home/jumpsta1/public_html/jumpstart.gg/wiki/doku.php(131): act_dispatch()
  #11 {main}
2026-06-18 21:10:11	/home/jumpsta1/public_html/jumpstart.gg/wiki/lib/plugins/authplain/auth.php(467)	E_WARNING: preg_match(): Compilation failed: quantifier does not follow a repeatable item at offset 0
  #0 [internal function]: dokuwiki\ErrorHandler::errorHandler(2, 'preg_match(): C...', '/home/jumpsta1/...', 467)
  #1 /home/jumpsta1/public_html/jumpstart.gg/wiki/lib/plugins/authplain/auth.php(467): preg_match('/*regretfulcur*...', 'awooga_dl')
  #2 /home/jumpsta1/public_html/jumpstart.gg/wiki/lib/plugins/authplain/auth.php(318): auth_plugin_authplain->filter('awooga_dl', Array)
  #3 /home/jumpsta1/public_html/jumpstart.gg/wiki/lib/plugins/jumpstart/action.php(136): auth_plugin_authplain->retrieveUsers(0, 100, Array)
  #4 /home/jumpsta1/public_html/jumpstart.gg/wiki/inc/Extension/EventHandler.php(80): action_plugin_jumpstart->handle_userprofile_api(Object(dokuwiki\Extension\Event), NULL)
  #5 /home/jumpsta1/public_html/jumpstart.gg/wiki/inc/Extension/Event.php(75): dokuwiki\Extension\EventHandler->process_event(Object(dokuwiki\Extension\Event), 'BEFORE')
  #6 /home/jumpsta1/public_html/jumpstart.gg/wiki/inc/ActionRouter.php(83): dokuwiki\Extension\Event->advise_before()
  #7 /home/jumpsta1/public_html/jumpstart.gg/wiki/inc/ActionRouter.php(49): dokuwiki\ActionRouter->setupAction('searchusers')
  #8 /home/jumpsta1/public_html/jumpstart.gg/wiki/inc/ActionRouter.php(62): dokuwiki\ActionRouter->__construct()
  #9 /home/jumpsta1/public_html/jumpstart.gg/wiki/inc/actions.php(19): dokuwiki\ActionRouter::getInstance(true)
  #10 /home/jumpsta1/public_html/jumpstart.gg/wiki/doku.php(131): act_dispatch()
  #11 {main}
2026-06-18 21:10:11	/home/jumpsta1/public_html/jumpstart.gg/wiki/lib/plugins/authplain/auth.php(467)	E_WARNING: preg_match(): Compilation failed: quantifier does not follow a repeatable item at offset 0
  #0 [internal function]: dokuwiki\ErrorHandler::errorHandler(2, 'preg_match(): C...', '/home/jumpsta1/...', 467)
  #1 /home/jumpsta1/public_html/jumpstart.gg/wiki/lib/plugins/authplain/auth.php(467): preg_match('/*regretfulcur*...', 'jumpstartadmin')
  #2 /home/jumpsta1/public_html/jumpstart.gg/wiki/lib/plugins/authplain/auth.php(318): auth_plugin_authplain->filter('jumpstartadmin', Array)
  #3 /home/jumpsta1/public_html/jumpstart.gg/wiki/lib/plugins/jumpstart/action.php(136): auth_plugin_authplain->retrieveUsers(0, 100, Array)
  #4 /home/jumpsta1/public_html/jumpstart.gg/wiki/inc/Extension/EventHandler.php(80): action_plugin_jumpstart->handle_userprofile_api(Object(dokuwiki\Extension\Event), NULL)
  #5 /home/jumpsta1/public_html/jumpstart.gg/wiki/inc/Extension/Event.php(75): dokuwiki\Extension\EventHandler->process_event(Object(dokuwiki\Extension\Event), 'BEFORE')
  #6 /home/jumpsta1/public_html/jumpstart.gg/wiki/inc/ActionRouter.php(83): dokuwiki\Extension\Event->advise_before()
  #7 /home/jumpsta1/public_html/jumpstart.gg/wiki/inc/ActionRouter.php(49): dokuwiki\ActionRouter->setupAction('searchusers')
  #8 /home/jumpsta1/public_html/jumpstart.gg/wiki/inc/ActionRouter.php(62): dokuwiki\ActionRouter->__construct()
  #9 /home/jumpsta1/public_html/jumpstart.gg/wiki/inc/actions.php(19): dokuwiki\ActionRouter::getInstance(true)
  #10 /home/jumpsta1/public_html/jumpstart.gg/wiki/doku.php(131): act_dispatch()
  #11 {main}
2026-06-18 21:10:11	/home/jumpsta1/public_html/jumpstart.gg/wiki/lib/plugins/authplain/auth.php(467)	E_WARNING: preg_match(): Compilation failed: quantifier does not follow a repeatable item at offset 0
  #0 [internal function]: dokuwiki\ErrorHandler::errorHandler(2, 'preg_match(): C...', '/home/jumpsta1/...', 467)
  #1 /home/jumpsta1/public_html/jumpstart.gg/wiki/lib/plugins/authplain/auth.php(467): preg_match('/*regretfulcur*...', 'limelight')
  #2 /home/jumpsta1/public_html/jumpstart.gg/wiki/lib/plugins/authplain/auth.php(318): auth_plugin_authplain->filter('limelight', Array)
  #3 /home/jumpsta1/public_html/jumpstart.gg/wiki/lib/plugins/jumpstart/action.php(136): auth_plugin_authplain->retrieveUsers(0, 100, Array)
  #4 /home/jumpsta1/public_html/jumpstart.gg/wiki/inc/Extension/EventHandler.php(80): action_plugin_jumpstart->handle_userprofile_api(Object(dokuwiki\Extension\Event), NULL)
  #5 /home/jumpsta1/public_html/jumpstart.gg/wiki/inc/Extension/Event.php(75): dokuwiki\Extension\EventHandler->process_event(Object(dokuwiki\Extension\Event), 'BEFORE')
  #6 /home/jumpsta1/public_html/jumpstart.gg/wiki/inc/ActionRouter.php(83): dokuwiki\Extension\Event->advise_before()
  #7 /home/jumpsta1/public_html/jumpstart.gg/wiki/inc/ActionRouter.php(49): dokuwiki\ActionRouter->setupAction('searchusers')
  #8 /home/jumpsta1/public_html/jumpstart.gg/wiki/inc/ActionRouter.php(62): dokuwiki\ActionRouter->__construct()
  #9 /home/jumpsta1/public_html/jumpstart.gg/wiki/inc/actions.php(19): dokuwiki\ActionRouter::getInstance(true)
  #10 /home/jumpsta1/public_html/jumpstart.gg/wiki/doku.php(131): act_dispatch()
  #11 {main}
2026-06-18 21:10:11	/home/jumpsta1/public_html/jumpstart.gg/wiki/lib/plugins/authplain/auth.php(470)	E_WARNING: preg_match(): Compilation failed: quantifier does not follow a repeatable item at offset 0
  #0 [internal function]: dokuwiki\ErrorHandler::errorHandler(2, 'preg_match(): C...', '/home/jumpsta1/...', 470)
  #1 /home/jumpsta1/public_html/jumpstart.gg/wiki/lib/plugins/authplain/auth.php(470): preg_match('/*regretfulcurv...', 'LimeLight')
  #2 /home/jumpsta1/public_html/jumpstart.gg/wiki/lib/plugins/authplain/auth.php(318): auth_plugin_authplain->filter('4800lightbulbs', Array)
  #3 /home/jumpsta1/public_html/jumpstart.gg/wiki/lib/plugins/jumpstart/action.php(135): auth_plugin_authplain->retrieveUsers(0, 100, Array)
  #4 /home/jumpsta1/public_html/jumpstart.gg/wiki/inc/Extension/EventHandler.php(80): action_plugin_jumpstart->handle_userprofile_api(Object(dokuwiki\Extension\Event), NULL)
  #5 /home/jumpsta1/public_html/jumpstart.gg/wiki/inc/Extension/Event.php(75): dokuwiki\Extension\EventHandler->process_event(Object(dokuwiki\Extension\Event), 'BEFORE')
  #6 /home/jumpsta1/public_html/jumpstart.gg/wiki/inc/ActionRouter.php(83): dokuwiki\Extension\Event->advise_before()
  #7 /home/jumpsta1/public_html/jumpstart.gg/wiki/inc/ActionRouter.php(49): dokuwiki\ActionRouter->setupAction('searchusers')
  #8 /home/jumpsta1/public_html/jumpstart.gg/wiki/inc/ActionRouter.php(62): dokuwiki\ActionRouter->__construct()
  #9 /home/jumpsta1/public_html/jumpstart.gg/wiki/inc/actions.php(19): dokuwiki\ActionRouter::getInstance(true)
  #10 /home/jumpsta1/public_html/jumpstart.gg/wiki/doku.php(131): act_dispatch()
  #11 {main}
2026-06-18 21:10:11	/home/jumpsta1/public_html/jumpstart.gg/wiki/lib/plugins/authplain/auth.php(470)	E_WARNING: preg_match(): Compilation failed: quantifier does not follow a repeatable item at offset 0
  #0 [internal function]: dokuwiki\ErrorHandler::errorHandler(2, 'preg_match(): C...', '/home/jumpsta1/...', 470)
  #1 /home/jumpsta1/public_html/jumpstart.gg/wiki/lib/plugins/authplain/auth.php(470): preg_match('/*regretfulcurv...', 'Awooga')
  #2 /home/jumpsta1/public_html/jumpstart.gg/wiki/lib/plugins/authplain/auth.php(318): auth_plugin_authplain->filter('awooga_dl', Array)
  #3 /home/jumpsta1/public_html/jumpstart.gg/wiki/lib/plugins/jumpstart/action.php(135): auth_plugin_authplain->retrieveUsers(0, 100, Array)
  #4 /home/jumpsta1/public_html/jumpstart.gg/wiki/inc/Extension/EventHandler.php(80): action_plugin_jumpstart->handle_userprofile_api(Object(dokuwiki\Extension\Event), NULL)
  #5 /home/jumpsta1/public_html/jumpstart.gg/wiki/inc/Extension/Event.php(75): dokuwiki\Extension\EventHandler->process_event(Object(dokuwiki\Extension\Event), 'BEFORE')
  #6 /home/jumpsta1/public_html/jumpstart.gg/wiki/inc/ActionRouter.php(83): dokuwiki\Extension\Event->advise_before()
  #7 /home/jumpsta1/public_html/jumpstart.gg/wiki/inc/ActionRouter.php(49): dokuwiki\ActionRouter->setupAction('searchusers')
  #8 /home/jumpsta1/public_html/jumpstart.gg/wiki/inc/ActionRouter.php(62): dokuwiki\ActionRouter->__construct()
  #9 /home/jumpsta1/public_html/jumpstart.gg/wiki/inc/actions.php(19): dokuwiki\ActionRouter::getInstance(true)
  #10 /home/jumpsta1/public_html/jumpstart.gg/wiki/doku.php(131): act_dispatch()
  #11 {main}
2026-06-18 21:10:11	/home/jumpsta1/public_html/jumpstart.gg/wiki/lib/plugins/authplain/auth.php(470)	E_WARNING: preg_match(): Compilation failed: quantifier does not follow a repeatable item at offset 0
  #0 [internal function]: dokuwiki\ErrorHandler::errorHandler(2, 'preg_match(): C...', '/home/jumpsta1/...', 470)
  #1 /home/jumpsta1/public_html/jumpstart.gg/wiki/lib/plugins/authplain/auth.php(470): preg_match('/*regretfulcurv...', 'RegretfulCurve')
  #2 /home/jumpsta1/public_html/jumpstart.gg/wiki/lib/plugins/authplain/auth.php(318): auth_plugin_authplain->filter('jumpstartadmin', Array)
  #3 /home/jumpsta1/public_html/jumpstart.gg/wiki/lib/plugins/jumpstart/action.php(135): auth_plugin_authplain->retrieveUsers(0, 100, Array)
  #4 /home/jumpsta1/public_html/jumpstart.gg/wiki/inc/Extension/EventHandler.php(80): action_plugin_jumpstart->handle_userprofile_api(Object(dokuwiki\Extension\Event), NULL)
  #5 /home/jumpsta1/public_html/jumpstart.gg/wiki/inc/Extension/Event.php(75): dokuwiki\Extension\EventHandler->process_event(Object(dokuwiki\Extension\Event), 'BEFORE')
  #6 /home/jumpsta1/public_html/jumpstart.gg/wiki/inc/ActionRouter.php(83): dokuwiki\Extension\Event->advise_before()
  #7 /home/jumpsta1/public_html/jumpstart.gg/wiki/inc/ActionRouter.php(49): dokuwiki\ActionRouter->setupAction('searchusers')
  #8 /home/jumpsta1/public_html/jumpstart.gg/wiki/inc/ActionRouter.php(62): dokuwiki\ActionRouter->__construct()
  #9 /home/jumpsta1/public_html/jumpstart.gg/wiki/inc/actions.php(19): dokuwiki\ActionRouter::getInstance(true)
  #10 /home/jumpsta1/public_html/jumpstart.gg/wiki/doku.php(131): act_dispatch()
  #11 {main}
2026-06-18 21:10:11	/home/jumpsta1/public_html/jumpstart.gg/wiki/lib/plugins/authplain/auth.php(470)	E_WARNING: preg_match(): Compilation failed: quantifier does not follow a repeatable item at offset 0
  #0 [internal function]: dokuwiki\ErrorHandler::errorHandler(2, 'preg_match(): C...', '/home/jumpsta1/...', 470)
  #1 /home/jumpsta1/public_html/jumpstart.gg/wiki/lib/plugins/authplain/auth.php(470): preg_match('/*regretfulcurv...', 'LimeLight')
  #2 /home/jumpsta1/public_html/jumpstart.gg/wiki/lib/plugins/authplain/auth.php(318): auth_plugin_authplain->filter('limelight', Array)
  #3 /home/jumpsta1/public_html/jumpstart.gg/wiki/lib/plugins/jumpstart/action.php(135): auth_plugin_authplain->retrieveUsers(0, 100, Array)
  #4 /home/jumpsta1/public_html/jumpstart.gg/wiki/inc/Extension/EventHandler.php(80): action_plugin_jumpstart->handle_userprofile_api(Object(dokuwiki\Extension\Event), NULL)
  #5 /home/jumpsta1/public_html/jumpstart.gg/wiki/inc/Extension/Event.php(75): dokuwiki\Extension\EventHandler->process_event(Object(dokuwiki\Extension\Event), 'BEFORE')
  #6 /home/jumpsta1/public_html/jumpstart.gg/wiki/inc/ActionRouter.php(83): dokuwiki\Extension\Event->advise_before()
  #7 /home/jumpsta1/public_html/jumpstart.gg/wiki/inc/ActionRouter.php(49): dokuwiki\ActionRouter->setupAction('searchusers')
  #8 /home/jumpsta1/public_html/jumpstart.gg/wiki/inc/ActionRouter.php(62): dokuwiki\ActionRouter->__construct()
  #9 /home/jumpsta1/public_html/jumpstart.gg/wiki/inc/actions.php(19): dokuwiki\ActionRouter::getInstance(true)
  #10 /home/jumpsta1/public_html/jumpstart.gg/wiki/doku.php(131): act_dispatch()
  #11 {main}
2026-06-18 21:10:11	/home/jumpsta1/public_html/jumpstart.gg/wiki/lib/plugins/authplain/auth.php(467)	E_WARNING: preg_match(): Compilation failed: quantifier does not follow a repeatable item at offset 0
  #0 [internal function]: dokuwiki\ErrorHandler::errorHandler(2, 'preg_match(): C...', '/home/jumpsta1/...', 467)
  #1 /home/jumpsta1/public_html/jumpstart.gg/wiki/lib/plugins/authplain/auth.php(467): preg_match('/*regretfulcurv...', '4800lightbulbs')
  #2 /home/jumpsta1/public_html/jumpstart.gg/wiki/lib/plugins/authplain/auth.php(318): auth_plugin_authplain->filter('4800lightbulbs', Array)
  #3 /home/jumpsta1/public_html/jumpstart.gg/wiki/lib/plugins/jumpstart/action.php(136): auth_plugin_authplain->retrieveUsers(0, 100, Array)
  #4 /home/jumpsta1/public_html/jumpstart.gg/wiki/inc/Extension/EventHandler.php(80): action_plugin_jumpstart->handle_userprofile_api(Object(dokuwiki\Extension\Event), NULL)
  #5 /home/jumpsta1/public_html/jumpstart.gg/wiki/inc/Extension/Event.php(75): dokuwiki\Extension\EventHandler->process_event(Object(dokuwiki\Extension\Event), 'BEFORE')
  #6 /home/jumpsta1/public_html/jumpstart.gg/wiki/inc/ActionRouter.php(83): dokuwiki\Extension\Event->advise_before()
  #7 /home/jumpsta1/public_html/jumpstart.gg/wiki/inc/ActionRouter.php(49): dokuwiki\ActionRouter->setupAction('searchusers')
  #8 /home/jumpsta1/public_html/jumpstart.gg/wiki/inc/ActionRouter.php(62): dokuwiki\ActionRouter->__construct()
  #9 /home/jumpsta1/public_html/jumpstart.gg/wiki/inc/actions.php(19): dokuwiki\ActionRouter::getInstance(true)
  #10 /home/jumpsta1/public_html/jumpstart.gg/wiki/doku.php(131): act_dispatch()
  #11 {main}
2026-06-18 21:10:11	/home/jumpsta1/public_html/jumpstart.gg/wiki/lib/plugins/authplain/auth.php(467)	E_WARNING: preg_match(): Compilation failed: quantifier does not follow a repeatable item at offset 0
  #0 [internal function]: dokuwiki\ErrorHandler::errorHandler(2, 'preg_match(): C...', '/home/jumpsta1/...', 467)
  #1 /home/jumpsta1/public_html/jumpstart.gg/wiki/lib/plugins/authplain/auth.php(467): preg_match('/*regretfulcurv...', 'awooga_dl')
  #2 /home/jumpsta1/public_html/jumpstart.gg/wiki/lib/plugins/authplain/auth.php(318): auth_plugin_authplain->filter('awooga_dl', Array)
  #3 /home/jumpsta1/public_html/jumpstart.gg/wiki/lib/plugins/jumpstart/action.php(136): auth_plugin_authplain->retrieveUsers(0, 100, Array)
  #4 /home/jumpsta1/public_html/jumpstart.gg/wiki/inc/Extension/EventHandler.php(80): action_plugin_jumpstart->handle_userprofile_api(Object(dokuwiki\Extension\Event), NULL)
  #5 /home/jumpsta1/public_html/jumpstart.gg/wiki/inc/Extension/Event.php(75): dokuwiki\Extension\EventHandler->process_event(Object(dokuwiki\Extension\Event), 'BEFORE')
  #6 /home/jumpsta1/public_html/jumpstart.gg/wiki/inc/ActionRouter.php(83): dokuwiki\Extension\Event->advise_before()
  #7 /home/jumpsta1/public_html/jumpstart.gg/wiki/inc/ActionRouter.php(49): dokuwiki\ActionRouter->setupAction('searchusers')
  #8 /home/jumpsta1/public_html/jumpstart.gg/wiki/inc/ActionRouter.php(62): dokuwiki\ActionRouter->__construct()
  #9 /home/jumpsta1/public_html/jumpstart.gg/wiki/inc/actions.php(19): dokuwiki\ActionRouter::getInstance(true)
  #10 /home/jumpsta1/public_html/jumpstart.gg/wiki/doku.php(131): act_dispatch()
  #11 {main}
2026-06-18 21:10:11	/home/jumpsta1/public_html/jumpstart.gg/wiki/lib/plugins/authplain/auth.php(467)	E_WARNING: preg_match(): Compilation failed: quantifier does not follow a repeatable item at offset 0
  #0 [internal function]: dokuwiki\ErrorHandler::errorHandler(2, 'preg_match(): C...', '/home/jumpsta1/...', 467)
  #1 /home/jumpsta1/public_html/jumpstart.gg/wiki/lib/plugins/authplain/auth.php(467): preg_match('/*regretfulcurv...', 'jumpstartadmin')
  #2 /home/jumpsta1/public_html/jumpstart.gg/wiki/lib/plugins/authplain/auth.php(318): auth_plugin_authplain->filter('jumpstartadmin', Array)
  #3 /home/jumpsta1/public_html/jumpstart.gg/wiki/lib/plugins/jumpstart/action.php(136): auth_plugin_authplain->retrieveUsers(0, 100, Array)
  #4 /home/jumpsta1/public_html/jumpstart.gg/wiki/inc/Extension/EventHandler.php(80): action_plugin_jumpstart->handle_userprofile_api(Object(dokuwiki\Extension\Event), NULL)
  #5 /home/jumpsta1/public_html/jumpstart.gg/wiki/inc/Extension/Event.php(75): dokuwiki\Extension\EventHandler->process_event(Object(dokuwiki\Extension\Event), 'BEFORE')
  #6 /home/jumpsta1/public_html/jumpstart.gg/wiki/inc/ActionRouter.php(83): dokuwiki\Extension\Event->advise_before()
  #7 /home/jumpsta1/public_html/jumpstart.gg/wiki/inc/ActionRouter.php(49): dokuwiki\ActionRouter->setupAction('searchusers')
  #8 /home/jumpsta1/public_html/jumpstart.gg/wiki/inc/ActionRouter.php(62): dokuwiki\ActionRouter->__construct()
  #9 /home/jumpsta1/public_html/jumpstart.gg/wiki/inc/actions.php(19): dokuwiki\ActionRouter::getInstance(true)
  #10 /home/jumpsta1/public_html/jumpstart.gg/wiki/doku.php(131): act_dispatch()
  #11 {main}
2026-06-18 21:10:11	/home/jumpsta1/public_html/jumpstart.gg/wiki/lib/plugins/authplain/auth.php(467)	E_WARNING: preg_match(): Compilation failed: quantifier does not follow a repeatable item at offset 0
  #0 [internal function]: dokuwiki\ErrorHandler::errorHandler(2, 'preg_match(): C...', '/home/jumpsta1/...', 467)
  #1 /home/jumpsta1/public_html/jumpstart.gg/wiki/lib/plugins/authplain/auth.php(467): preg_match('/*regretfulcurv...', 'limelight')
  #2 /home/jumpsta1/public_html/jumpstart.gg/wiki/lib/plugins/authplain/auth.php(318): auth_plugin_authplain->filter('limelight', Array)
  #3 /home/jumpsta1/public_html/jumpstart.gg/wiki/lib/plugins/jumpstart/action.php(136): auth_plugin_authplain->retrieveUsers(0, 100, Array)
  #4 /home/jumpsta1/public_html/jumpstart.gg/wiki/inc/Extension/EventHandler.php(80): action_plugin_jumpstart->handle_userprofile_api(Object(dokuwiki\Extension\Event), NULL)
  #5 /home/jumpsta1/public_html/jumpstart.gg/wiki/inc/Extension/Event.php(75): dokuwiki\Extension\EventHandler->process_event(Object(dokuwiki\Extension\Event), 'BEFORE')
  #6 /home/jumpsta1/public_html/jumpstart.gg/wiki/inc/ActionRouter.php(83): dokuwiki\Extension\Event->advise_before()
  #7 /home/jumpsta1/public_html/jumpstart.gg/wiki/inc/ActionRouter.php(49): dokuwiki\ActionRouter->setupAction('searchusers')
  #8 /home/jumpsta1/public_html/jumpstart.gg/wiki/inc/ActionRouter.php(62): dokuwiki\ActionRouter->__construct()
  #9 /home/jumpsta1/public_html/jumpstart.gg/wiki/inc/actions.php(19): dokuwiki\ActionRouter::getInstance(true)
  #10 /home/jumpsta1/public_html/jumpstart.gg/wiki/doku.php(131): act_dispatch()
  #11 {main}
2026-06-18 21:12:22	/home/jumpsta1/public_html/jumpstart.gg/wiki/lib/plugins/authplain/auth.php(470)	E_WARNING: preg_match(): Compilation failed: quantifier does not follow a repeatable item at offset 0
  #0 [internal function]: dokuwiki\ErrorHandler::errorHandler(2, 'preg_match(): C...', '/home/jumpsta1/...', 470)
  #1 /home/jumpsta1/public_html/jumpstart.gg/wiki/lib/plugins/authplain/auth.php(470): preg_match('/*regretf*/i', 'LimeLight')
  #2 /home/jumpsta1/public_html/jumpstart.gg/wiki/lib/plugins/authplain/auth.php(318): auth_plugin_authplain->filter('4800lightbulbs', Array)
  #3 /home/jumpsta1/public_html/jumpstart.gg/wiki/lib/plugins/jumpstart/action.php(135): auth_plugin_authplain->retrieveUsers(0, 100, Array)
  #4 /home/jumpsta1/public_html/jumpstart.gg/wiki/inc/Extension/EventHandler.php(80): action_plugin_jumpstart->handle_userprofile_api(Object(dokuwiki\Extension\Event), NULL)
  #5 /home/jumpsta1/public_html/jumpstart.gg/wiki/inc/Extension/Event.php(75): dokuwiki\Extension\EventHandler->process_event(Object(dokuwiki\Extension\Event), 'BEFORE')
  #6 /home/jumpsta1/public_html/jumpstart.gg/wiki/inc/ActionRouter.php(83): dokuwiki\Extension\Event->advise_before()
  #7 /home/jumpsta1/public_html/jumpstart.gg/wiki/inc/ActionRouter.php(49): dokuwiki\ActionRouter->setupAction('searchusers')
  #8 /home/jumpsta1/public_html/jumpstart.gg/wiki/inc/ActionRouter.php(62): dokuwiki\ActionRouter->__construct()
  #9 /home/jumpsta1/public_html/jumpstart.gg/wiki/inc/actions.php(19): dokuwiki\ActionRouter::getInstance(true)
  #10 /home/jumpsta1/public_html/jumpstart.gg/wiki/doku.php(131): act_dispatch()
  #11 {main}
2026-06-18 21:12:22	/home/jumpsta1/public_html/jumpstart.gg/wiki/lib/plugins/authplain/auth.php(470)	E_WARNING: preg_match(): Compilation failed: quantifier does not follow a repeatable item at offset 0
  #0 [internal function]: dokuwiki\ErrorHandler::errorHandler(2, 'preg_match(): C...', '/home/jumpsta1/...', 470)
  #1 /home/jumpsta1/public_html/jumpstart.gg/wiki/lib/plugins/authplain/auth.php(470): preg_match('/*regretf*/i', 'Awooga')
  #2 /home/jumpsta1/public_html/jumpstart.gg/wiki/lib/plugins/authplain/auth.php(318): auth_plugin_authplain->filter('awooga_dl', Array)
  #3 /home/jumpsta1/public_html/jumpstart.gg/wiki/lib/plugins/jumpstart/action.php(135): auth_plugin_authplain->retrieveUsers(0, 100, Array)
  #4 /home/jumpsta1/public_html/jumpstart.gg/wiki/inc/Extension/EventHandler.php(80): action_plugin_jumpstart->handle_userprofile_api(Object(dokuwiki\Extension\Event), NULL)
  #5 /home/jumpsta1/public_html/jumpstart.gg/wiki/inc/Extension/Event.php(75): dokuwiki\Extension\EventHandler->process_event(Object(dokuwiki\Extension\Event), 'BEFORE')
  #6 /home/jumpsta1/public_html/jumpstart.gg/wiki/inc/ActionRouter.php(83): dokuwiki\Extension\Event->advise_before()
  #7 /home/jumpsta1/public_html/jumpstart.gg/wiki/inc/ActionRouter.php(49): dokuwiki\ActionRouter->setupAction('searchusers')
  #8 /home/jumpsta1/public_html/jumpstart.gg/wiki/inc/ActionRouter.php(62): dokuwiki\ActionRouter->__construct()
  #9 /home/jumpsta1/public_html/jumpstart.gg/wiki/inc/actions.php(19): dokuwiki\ActionRouter::getInstance(true)
  #10 /home/jumpsta1/public_html/jumpstart.gg/wiki/doku.php(131): act_dispatch()
  #11 {main}
2026-06-18 21:12:22	/home/jumpsta1/public_html/jumpstart.gg/wiki/lib/plugins/authplain/auth.php(470)	E_WARNING: preg_match(): Compilation failed: quantifier does not follow a repeatable item at offset 0
  #0 [internal function]: dokuwiki\ErrorHandler::errorHandler(2, 'preg_match(): C...', '/home/jumpsta1/...', 470)
  #1 /home/jumpsta1/public_html/jumpstart.gg/wiki/lib/plugins/authplain/auth.php(470): preg_match('/*regretf*/i', 'RegretfulCurve')
  #2 /home/jumpsta1/public_html/jumpstart.gg/wiki/lib/plugins/authplain/auth.php(318): auth_plugin_authplain->filter('jumpstartadmin', Array)
  #3 /home/jumpsta1/public_html/jumpstart.gg/wiki/lib/plugins/jumpstart/action.php(135): auth_plugin_authplain->retrieveUsers(0, 100, Array)
  #4 /home/jumpsta1/public_html/jumpstart.gg/wiki/inc/Extension/EventHandler.php(80): action_plugin_jumpstart->handle_userprofile_api(Object(dokuwiki\Extension\Event), NULL)
  #5 /home/jumpsta1/public_html/jumpstart.gg/wiki/inc/Extension/Event.php(75): dokuwiki\Extension\EventHandler->process_event(Object(dokuwiki\Extension\Event), 'BEFORE')
  #6 /home/jumpsta1/public_html/jumpstart.gg/wiki/inc/ActionRouter.php(83): dokuwiki\Extension\Event->advise_before()
  #7 /home/jumpsta1/public_html/jumpstart.gg/wiki/inc/ActionRouter.php(49): dokuwiki\ActionRouter->setupAction('searchusers')
  #8 /home/jumpsta1/public_html/jumpstart.gg/wiki/inc/ActionRouter.php(62): dokuwiki\ActionRouter->__construct()
  #9 /home/jumpsta1/public_html/jumpstart.gg/wiki/inc/actions.php(19): dokuwiki\ActionRouter::getInstance(true)
  #10 /home/jumpsta1/public_html/jumpstart.gg/wiki/doku.php(131): act_dispatch()
  #11 {main}
2026-06-18 21:12:22	/home/jumpsta1/public_html/jumpstart.gg/wiki/lib/plugins/authplain/auth.php(470)	E_WARNING: preg_match(): Compilation failed: quantifier does not follow a repeatable item at offset 0
  #0 [internal function]: dokuwiki\ErrorHandler::errorHandler(2, 'preg_match(): C...', '/home/jumpsta1/...', 470)
  #1 /home/jumpsta1/public_html/jumpstart.gg/wiki/lib/plugins/authplain/auth.php(470): preg_match('/*regretf*/i', 'LimeLight')
  #2 /home/jumpsta1/public_html/jumpstart.gg/wiki/lib/plugins/authplain/auth.php(318): auth_plugin_authplain->filter('limelight', Array)
  #3 /home/jumpsta1/public_html/jumpstart.gg/wiki/lib/plugins/jumpstart/action.php(135): auth_plugin_authplain->retrieveUsers(0, 100, Array)
  #4 /home/jumpsta1/public_html/jumpstart.gg/wiki/inc/Extension/EventHandler.php(80): action_plugin_jumpstart->handle_userprofile_api(Object(dokuwiki\Extension\Event), NULL)
  #5 /home/jumpsta1/public_html/jumpstart.gg/wiki/inc/Extension/Event.php(75): dokuwiki\Extension\EventHandler->process_event(Object(dokuwiki\Extension\Event), 'BEFORE')
  #6 /home/jumpsta1/public_html/jumpstart.gg/wiki/inc/ActionRouter.php(83): dokuwiki\Extension\Event->advise_before()
  #7 /home/jumpsta1/public_html/jumpstart.gg/wiki/inc/ActionRouter.php(49): dokuwiki\ActionRouter->setupAction('searchusers')
  #8 /home/jumpsta1/public_html/jumpstart.gg/wiki/inc/ActionRouter.php(62): dokuwiki\ActionRouter->__construct()
  #9 /home/jumpsta1/public_html/jumpstart.gg/wiki/inc/actions.php(19): dokuwiki\ActionRouter::getInstance(true)
  #10 /home/jumpsta1/public_html/jumpstart.gg/wiki/doku.php(131): act_dispatch()
  #11 {main}
2026-06-18 21:12:22	/home/jumpsta1/public_html/jumpstart.gg/wiki/lib/plugins/authplain/auth.php(467)	E_WARNING: preg_match(): Compilation failed: quantifier does not follow a repeatable item at offset 0
  #0 [internal function]: dokuwiki\ErrorHandler::errorHandler(2, 'preg_match(): C...', '/home/jumpsta1/...', 467)
  #1 /home/jumpsta1/public_html/jumpstart.gg/wiki/lib/plugins/authplain/auth.php(467): preg_match('/*regretf*/i', '4800lightbulbs')
  #2 /home/jumpsta1/public_html/jumpstart.gg/wiki/lib/plugins/authplain/auth.php(318): auth_plugin_authplain->filter('4800lightbulbs', Array)
  #3 /home/jumpsta1/public_html/jumpstart.gg/wiki/lib/plugins/jumpstart/action.php(136): auth_plugin_authplain->retrieveUsers(0, 100, Array)
  #4 /home/jumpsta1/public_html/jumpstart.gg/wiki/inc/Extension/EventHandler.php(80): action_plugin_jumpstart->handle_userprofile_api(Object(dokuwiki\Extension\Event), NULL)
  #5 /home/jumpsta1/public_html/jumpstart.gg/wiki/inc/Extension/Event.php(75): dokuwiki\Extension\EventHandler->process_event(Object(dokuwiki\Extension\Event), 'BEFORE')
  #6 /home/jumpsta1/public_html/jumpstart.gg/wiki/inc/ActionRouter.php(83): dokuwiki\Extension\Event->advise_before()
  #7 /home/jumpsta1/public_html/jumpstart.gg/wiki/inc/ActionRouter.php(49): dokuwiki\ActionRouter->setupAction('searchusers')
  #8 /home/jumpsta1/public_html/jumpstart.gg/wiki/inc/ActionRouter.php(62): dokuwiki\ActionRouter->__construct()
  #9 /home/jumpsta1/public_html/jumpstart.gg/wiki/inc/actions.php(19): dokuwiki\ActionRouter::getInstance(true)
  #10 /home/jumpsta1/public_html/jumpstart.gg/wiki/doku.php(131): act_dispatch()
  #11 {main}
2026-06-18 21:12:22	/home/jumpsta1/public_html/jumpstart.gg/wiki/lib/plugins/authplain/auth.php(467)	E_WARNING: preg_match(): Compilation failed: quantifier does not follow a repeatable item at offset 0
  #0 [internal function]: dokuwiki\ErrorHandler::errorHandler(2, 'preg_match(): C...', '/home/jumpsta1/...', 467)
  #1 /home/jumpsta1/public_html/jumpstart.gg/wiki/lib/plugins/authplain/auth.php(467): preg_match('/*regretf*/i', 'awooga_dl')
  #2 /home/jumpsta1/public_html/jumpstart.gg/wiki/lib/plugins/authplain/auth.php(318): auth_plugin_authplain->filter('awooga_dl', Array)
  #3 /home/jumpsta1/public_html/jumpstart.gg/wiki/lib/plugins/jumpstart/action.php(136): auth_plugin_authplain->retrieveUsers(0, 100, Array)
  #4 /home/jumpsta1/public_html/jumpstart.gg/wiki/inc/Extension/EventHandler.php(80): action_plugin_jumpstart->handle_userprofile_api(Object(dokuwiki\Extension\Event), NULL)
  #5 /home/jumpsta1/public_html/jumpstart.gg/wiki/inc/Extension/Event.php(75): dokuwiki\Extension\EventHandler->process_event(Object(dokuwiki\Extension\Event), 'BEFORE')
  #6 /home/jumpsta1/public_html/jumpstart.gg/wiki/inc/ActionRouter.php(83): dokuwiki\Extension\Event->advise_before()
  #7 /home/jumpsta1/public_html/jumpstart.gg/wiki/inc/ActionRouter.php(49): dokuwiki\ActionRouter->setupAction('searchusers')
  #8 /home/jumpsta1/public_html/jumpstart.gg/wiki/inc/ActionRouter.php(62): dokuwiki\ActionRouter->__construct()
  #9 /home/jumpsta1/public_html/jumpstart.gg/wiki/inc/actions.php(19): dokuwiki\ActionRouter::getInstance(true)
  #10 /home/jumpsta1/public_html/jumpstart.gg/wiki/doku.php(131): act_dispatch()
  #11 {main}
2026-06-18 21:12:22	/home/jumpsta1/public_html/jumpstart.gg/wiki/lib/plugins/authplain/auth.php(467)	E_WARNING: preg_match(): Compilation failed: quantifier does not follow a repeatable item at offset 0
  #0 [internal function]: dokuwiki\ErrorHandler::errorHandler(2, 'preg_match(): C...', '/home/jumpsta1/...', 467)
  #1 /home/jumpsta1/public_html/jumpstart.gg/wiki/lib/plugins/authplain/auth.php(467): preg_match('/*regretf*/i', 'jumpstartadmin')
  #2 /home/jumpsta1/public_html/jumpstart.gg/wiki/lib/plugins/authplain/auth.php(318): auth_plugin_authplain->filter('jumpstartadmin', Array)
  #3 /home/jumpsta1/public_html/jumpstart.gg/wiki/lib/plugins/jumpstart/action.php(136): auth_plugin_authplain->retrieveUsers(0, 100, Array)
  #4 /home/jumpsta1/public_html/jumpstart.gg/wiki/inc/Extension/EventHandler.php(80): action_plugin_jumpstart->handle_userprofile_api(Object(dokuwiki\Extension\Event), NULL)
  #5 /home/jumpsta1/public_html/jumpstart.gg/wiki/inc/Extension/Event.php(75): dokuwiki\Extension\EventHandler->process_event(Object(dokuwiki\Extension\Event), 'BEFORE')
  #6 /home/jumpsta1/public_html/jumpstart.gg/wiki/inc/ActionRouter.php(83): dokuwiki\Extension\Event->advise_before()
  #7 /home/jumpsta1/public_html/jumpstart.gg/wiki/inc/ActionRouter.php(49): dokuwiki\ActionRouter->setupAction('searchusers')
  #8 /home/jumpsta1/public_html/jumpstart.gg/wiki/inc/ActionRouter.php(62): dokuwiki\ActionRouter->__construct()
  #9 /home/jumpsta1/public_html/jumpstart.gg/wiki/inc/actions.php(19): dokuwiki\ActionRouter::getInstance(true)
  #10 /home/jumpsta1/public_html/jumpstart.gg/wiki/doku.php(131): act_dispatch()
  #11 {main}
2026-06-18 21:12:22	/home/jumpsta1/public_html/jumpstart.gg/wiki/lib/plugins/authplain/auth.php(467)	E_WARNING: preg_match(): Compilation failed: quantifier does not follow a repeatable item at offset 0
  #0 [internal function]: dokuwiki\ErrorHandler::errorHandler(2, 'preg_match(): C...', '/home/jumpsta1/...', 467)
  #1 /home/jumpsta1/public_html/jumpstart.gg/wiki/lib/plugins/authplain/auth.php(467): preg_match('/*regretf*/i', 'limelight')
  #2 /home/jumpsta1/public_html/jumpstart.gg/wiki/lib/plugins/authplain/auth.php(318): auth_plugin_authplain->filter('limelight', Array)
  #3 /home/jumpsta1/public_html/jumpstart.gg/wiki/lib/plugins/jumpstart/action.php(136): auth_plugin_authplain->retrieveUsers(0, 100, Array)
  #4 /home/jumpsta1/public_html/jumpstart.gg/wiki/inc/Extension/EventHandler.php(80): action_plugin_jumpstart->handle_userprofile_api(Object(dokuwiki\Extension\Event), NULL)
  #5 /home/jumpsta1/public_html/jumpstart.gg/wiki/inc/Extension/Event.php(75): dokuwiki\Extension\EventHandler->process_event(Object(dokuwiki\Extension\Event), 'BEFORE')
  #6 /home/jumpsta1/public_html/jumpstart.gg/wiki/inc/ActionRouter.php(83): dokuwiki\Extension\Event->advise_before()
  #7 /home/jumpsta1/public_html/jumpstart.gg/wiki/inc/ActionRouter.php(49): dokuwiki\ActionRouter->setupAction('searchusers')
  #8 /home/jumpsta1/public_html/jumpstart.gg/wiki/inc/ActionRouter.php(62): dokuwiki\ActionRouter->__construct()
  #9 /home/jumpsta1/public_html/jumpstart.gg/wiki/inc/actions.php(19): dokuwiki\ActionRouter::getInstance(true)
  #10 /home/jumpsta1/public_html/jumpstart.gg/wiki/doku.php(131): act_dispatch()
  #11 {main}
2026-06-18 21:12:23	/home/jumpsta1/public_html/jumpstart.gg/wiki/lib/plugins/authplain/auth.php(470)	E_WARNING: preg_match(): Compilation failed: quantifier does not follow a repeatable item at offset 0
  #0 [internal function]: dokuwiki\ErrorHandler::errorHandler(2, 'preg_match(): C...', '/home/jumpsta1/...', 470)
  #1 /home/jumpsta1/public_html/jumpstart.gg/wiki/lib/plugins/authplain/auth.php(470): preg_match('/*regretful*/i', 'LimeLight')
  #2 /home/jumpsta1/public_html/jumpstart.gg/wiki/lib/plugins/authplain/auth.php(318): auth_plugin_authplain->filter('4800lightbulbs', Array)
  #3 /home/jumpsta1/public_html/jumpstart.gg/wiki/lib/plugins/jumpstart/action.php(135): auth_plugin_authplain->retrieveUsers(0, 100, Array)
  #4 /home/jumpsta1/public_html/jumpstart.gg/wiki/inc/Extension/EventHandler.php(80): action_plugin_jumpstart->handle_userprofile_api(Object(dokuwiki\Extension\Event), NULL)
  #5 /home/jumpsta1/public_html/jumpstart.gg/wiki/inc/Extension/Event.php(75): dokuwiki\Extension\EventHandler->process_event(Object(dokuwiki\Extension\Event), 'BEFORE')
  #6 /home/jumpsta1/public_html/jumpstart.gg/wiki/inc/ActionRouter.php(83): dokuwiki\Extension\Event->advise_before()
  #7 /home/jumpsta1/public_html/jumpstart.gg/wiki/inc/ActionRouter.php(49): dokuwiki\ActionRouter->setupAction('searchusers')
  #8 /home/jumpsta1/public_html/jumpstart.gg/wiki/inc/ActionRouter.php(62): dokuwiki\ActionRouter->__construct()
  #9 /home/jumpsta1/public_html/jumpstart.gg/wiki/inc/actions.php(19): dokuwiki\ActionRouter::getInstance(true)
  #10 /home/jumpsta1/public_html/jumpstart.gg/wiki/doku.php(131): act_dispatch()
  #11 {main}
2026-06-18 21:12:23	/home/jumpsta1/public_html/jumpstart.gg/wiki/lib/plugins/authplain/auth.php(470)	E_WARNING: preg_match(): Compilation failed: quantifier does not follow a repeatable item at offset 0
  #0 [internal function]: dokuwiki\ErrorHandler::errorHandler(2, 'preg_match(): C...', '/home/jumpsta1/...', 470)
  #1 /home/jumpsta1/public_html/jumpstart.gg/wiki/lib/plugins/authplain/auth.php(470): preg_match('/*regretful*/i', 'Awooga')
  #2 /home/jumpsta1/public_html/jumpstart.gg/wiki/lib/plugins/authplain/auth.php(318): auth_plugin_authplain->filter('awooga_dl', Array)
  #3 /home/jumpsta1/public_html/jumpstart.gg/wiki/lib/plugins/jumpstart/action.php(135): auth_plugin_authplain->retrieveUsers(0, 100, Array)
  #4 /home/jumpsta1/public_html/jumpstart.gg/wiki/inc/Extension/EventHandler.php(80): action_plugin_jumpstart->handle_userprofile_api(Object(dokuwiki\Extension\Event), NULL)
  #5 /home/jumpsta1/public_html/jumpstart.gg/wiki/inc/Extension/Event.php(75): dokuwiki\Extension\EventHandler->process_event(Object(dokuwiki\Extension\Event), 'BEFORE')
  #6 /home/jumpsta1/public_html/jumpstart.gg/wiki/inc/ActionRouter.php(83): dokuwiki\Extension\Event->advise_before()
  #7 /home/jumpsta1/public_html/jumpstart.gg/wiki/inc/ActionRouter.php(49): dokuwiki\ActionRouter->setupAction('searchusers')
  #8 /home/jumpsta1/public_html/jumpstart.gg/wiki/inc/ActionRouter.php(62): dokuwiki\ActionRouter->__construct()
  #9 /home/jumpsta1/public_html/jumpstart.gg/wiki/inc/actions.php(19): dokuwiki\ActionRouter::getInstance(true)
  #10 /home/jumpsta1/public_html/jumpstart.gg/wiki/doku.php(131): act_dispatch()
  #11 {main}
2026-06-18 21:12:23	/home/jumpsta1/public_html/jumpstart.gg/wiki/lib/plugins/authplain/auth.php(470)	E_WARNING: preg_match(): Compilation failed: quantifier does not follow a repeatable item at offset 0
  #0 [internal function]: dokuwiki\ErrorHandler::errorHandler(2, 'preg_match(): C...', '/home/jumpsta1/...', 470)
  #1 /home/jumpsta1/public_html/jumpstart.gg/wiki/lib/plugins/authplain/auth.php(470): preg_match('/*regretful*/i', 'RegretfulCurve')
  #2 /home/jumpsta1/public_html/jumpstart.gg/wiki/lib/plugins/authplain/auth.php(318): auth_plugin_authplain->filter('jumpstartadmin', Array)
  #3 /home/jumpsta1/public_html/jumpstart.gg/wiki/lib/plugins/jumpstart/action.php(135): auth_plugin_authplain->retrieveUsers(0, 100, Array)
  #4 /home/jumpsta1/public_html/jumpstart.gg/wiki/inc/Extension/EventHandler.php(80): action_plugin_jumpstart->handle_userprofile_api(Object(dokuwiki\Extension\Event), NULL)
  #5 /home/jumpsta1/public_html/jumpstart.gg/wiki/inc/Extension/Event.php(75): dokuwiki\Extension\EventHandler->process_event(Object(dokuwiki\Extension\Event), 'BEFORE')
  #6 /home/jumpsta1/public_html/jumpstart.gg/wiki/inc/ActionRouter.php(83): dokuwiki\Extension\Event->advise_before()
  #7 /home/jumpsta1/public_html/jumpstart.gg/wiki/inc/ActionRouter.php(49): dokuwiki\ActionRouter->setupAction('searchusers')
  #8 /home/jumpsta1/public_html/jumpstart.gg/wiki/inc/ActionRouter.php(62): dokuwiki\ActionRouter->__construct()
  #9 /home/jumpsta1/public_html/jumpstart.gg/wiki/inc/actions.php(19): dokuwiki\ActionRouter::getInstance(true)
  #10 /home/jumpsta1/public_html/jumpstart.gg/wiki/doku.php(131): act_dispatch()
  #11 {main}
2026-06-18 21:12:23	/home/jumpsta1/public_html/jumpstart.gg/wiki/lib/plugins/authplain/auth.php(470)	E_WARNING: preg_match(): Compilation failed: quantifier does not follow a repeatable item at offset 0
  #0 [internal function]: dokuwiki\ErrorHandler::errorHandler(2, 'preg_match(): C...', '/home/jumpsta1/...', 470)
  #1 /home/jumpsta1/public_html/jumpstart.gg/wiki/lib/plugins/authplain/auth.php(470): preg_match('/*regretful*/i', 'LimeLight')
  #2 /home/jumpsta1/public_html/jumpstart.gg/wiki/lib/plugins/authplain/auth.php(318): auth_plugin_authplain->filter('limelight', Array)
  #3 /home/jumpsta1/public_html/jumpstart.gg/wiki/lib/plugins/jumpstart/action.php(135): auth_plugin_authplain->retrieveUsers(0, 100, Array)
  #4 /home/jumpsta1/public_html/jumpstart.gg/wiki/inc/Extension/EventHandler.php(80): action_plugin_jumpstart->handle_userprofile_api(Object(dokuwiki\Extension\Event), NULL)
  #5 /home/jumpsta1/public_html/jumpstart.gg/wiki/inc/Extension/Event.php(75): dokuwiki\Extension\EventHandler->process_event(Object(dokuwiki\Extension\Event), 'BEFORE')
  #6 /home/jumpsta1/public_html/jumpstart.gg/wiki/inc/ActionRouter.php(83): dokuwiki\Extension\Event->advise_before()
  #7 /home/jumpsta1/public_html/jumpstart.gg/wiki/inc/ActionRouter.php(49): dokuwiki\ActionRouter->setupAction('searchusers')
  #8 /home/jumpsta1/public_html/jumpstart.gg/wiki/inc/ActionRouter.php(62): dokuwiki\ActionRouter->__construct()
  #9 /home/jumpsta1/public_html/jumpstart.gg/wiki/inc/actions.php(19): dokuwiki\ActionRouter::getInstance(true)
  #10 /home/jumpsta1/public_html/jumpstart.gg/wiki/doku.php(131): act_dispatch()
  #11 {main}
2026-06-18 21:12:23	/home/jumpsta1/public_html/jumpstart.gg/wiki/lib/plugins/authplain/auth.php(467)	E_WARNING: preg_match(): Compilation failed: quantifier does not follow a repeatable item at offset 0
  #0 [internal function]: dokuwiki\ErrorHandler::errorHandler(2, 'preg_match(): C...', '/home/jumpsta1/...', 467)
  #1 /home/jumpsta1/public_html/jumpstart.gg/wiki/lib/plugins/authplain/auth.php(467): preg_match('/*regretful*/i', '4800lightbulbs')
  #2 /home/jumpsta1/public_html/jumpstart.gg/wiki/lib/plugins/authplain/auth.php(318): auth_plugin_authplain->filter('4800lightbulbs', Array)
  #3 /home/jumpsta1/public_html/jumpstart.gg/wiki/lib/plugins/jumpstart/action.php(136): auth_plugin_authplain->retrieveUsers(0, 100, Array)
  #4 /home/jumpsta1/public_html/jumpstart.gg/wiki/inc/Extension/EventHandler.php(80): action_plugin_jumpstart->handle_userprofile_api(Object(dokuwiki\Extension\Event), NULL)
  #5 /home/jumpsta1/public_html/jumpstart.gg/wiki/inc/Extension/Event.php(75): dokuwiki\Extension\EventHandler->process_event(Object(dokuwiki\Extension\Event), 'BEFORE')
  #6 /home/jumpsta1/public_html/jumpstart.gg/wiki/inc/ActionRouter.php(83): dokuwiki\Extension\Event->advise_before()
  #7 /home/jumpsta1/public_html/jumpstart.gg/wiki/inc/ActionRouter.php(49): dokuwiki\ActionRouter->setupAction('searchusers')
  #8 /home/jumpsta1/public_html/jumpstart.gg/wiki/inc/ActionRouter.php(62): dokuwiki\ActionRouter->__construct()
  #9 /home/jumpsta1/public_html/jumpstart.gg/wiki/inc/actions.php(19): dokuwiki\ActionRouter::getInstance(true)
  #10 /home/jumpsta1/public_html/jumpstart.gg/wiki/doku.php(131): act_dispatch()
  #11 {main}
2026-06-18 21:12:23	/home/jumpsta1/public_html/jumpstart.gg/wiki/lib/plugins/authplain/auth.php(467)	E_WARNING: preg_match(): Compilation failed: quantifier does not follow a repeatable item at offset 0
  #0 [internal function]: dokuwiki\ErrorHandler::errorHandler(2, 'preg_match(): C...', '/home/jumpsta1/...', 467)
  #1 /home/jumpsta1/public_html/jumpstart.gg/wiki/lib/plugins/authplain/auth.php(467): preg_match('/*regretful*/i', 'awooga_dl')
  #2 /home/jumpsta1/public_html/jumpstart.gg/wiki/lib/plugins/authplain/auth.php(318): auth_plugin_authplain->filter('awooga_dl', Array)
  #3 /home/jumpsta1/public_html/jumpstart.gg/wiki/lib/plugins/jumpstart/action.php(136): auth_plugin_authplain->retrieveUsers(0, 100, Array)
  #4 /home/jumpsta1/public_html/jumpstart.gg/wiki/inc/Extension/EventHandler.php(80): action_plugin_jumpstart->handle_userprofile_api(Object(dokuwiki\Extension\Event), NULL)
  #5 /home/jumpsta1/public_html/jumpstart.gg/wiki/inc/Extension/Event.php(75): dokuwiki\Extension\EventHandler->process_event(Object(dokuwiki\Extension\Event), 'BEFORE')
  #6 /home/jumpsta1/public_html/jumpstart.gg/wiki/inc/ActionRouter.php(83): dokuwiki\Extension\Event->advise_before()
  #7 /home/jumpsta1/public_html/jumpstart.gg/wiki/inc/ActionRouter.php(49): dokuwiki\ActionRouter->setupAction('searchusers')
  #8 /home/jumpsta1/public_html/jumpstart.gg/wiki/inc/ActionRouter.php(62): dokuwiki\ActionRouter->__construct()
  #9 /home/jumpsta1/public_html/jumpstart.gg/wiki/inc/actions.php(19): dokuwiki\ActionRouter::getInstance(true)
  #10 /home/jumpsta1/public_html/jumpstart.gg/wiki/doku.php(131): act_dispatch()
  #11 {main}
2026-06-18 21:12:23	/home/jumpsta1/public_html/jumpstart.gg/wiki/lib/plugins/authplain/auth.php(467)	E_WARNING: preg_match(): Compilation failed: quantifier does not follow a repeatable item at offset 0
  #0 [internal function]: dokuwiki\ErrorHandler::errorHandler(2, 'preg_match(): C...', '/home/jumpsta1/...', 467)
  #1 /home/jumpsta1/public_html/jumpstart.gg/wiki/lib/plugins/authplain/auth.php(467): preg_match('/*regretful*/i', 'jumpstartadmin')
  #2 /home/jumpsta1/public_html/jumpstart.gg/wiki/lib/plugins/authplain/auth.php(318): auth_plugin_authplain->filter('jumpstartadmin', Array)
  #3 /home/jumpsta1/public_html/jumpstart.gg/wiki/lib/plugins/jumpstart/action.php(136): auth_plugin_authplain->retrieveUsers(0, 100, Array)
  #4 /home/jumpsta1/public_html/jumpstart.gg/wiki/inc/Extension/EventHandler.php(80): action_plugin_jumpstart->handle_userprofile_api(Object(dokuwiki\Extension\Event), NULL)
  #5 /home/jumpsta1/public_html/jumpstart.gg/wiki/inc/Extension/Event.php(75): dokuwiki\Extension\EventHandler->process_event(Object(dokuwiki\Extension\Event), 'BEFORE')
  #6 /home/jumpsta1/public_html/jumpstart.gg/wiki/inc/ActionRouter.php(83): dokuwiki\Extension\Event->advise_before()
  #7 /home/jumpsta1/public_html/jumpstart.gg/wiki/inc/ActionRouter.php(49): dokuwiki\ActionRouter->setupAction('searchusers')
  #8 /home/jumpsta1/public_html/jumpstart.gg/wiki/inc/ActionRouter.php(62): dokuwiki\ActionRouter->__construct()
  #9 /home/jumpsta1/public_html/jumpstart.gg/wiki/inc/actions.php(19): dokuwiki\ActionRouter::getInstance(true)
  #10 /home/jumpsta1/public_html/jumpstart.gg/wiki/doku.php(131): act_dispatch()
  #11 {main}
2026-06-18 21:12:23	/home/jumpsta1/public_html/jumpstart.gg/wiki/lib/plugins/authplain/auth.php(467)	E_WARNING: preg_match(): Compilation failed: quantifier does not follow a repeatable item at offset 0
  #0 [internal function]: dokuwiki\ErrorHandler::errorHandler(2, 'preg_match(): C...', '/home/jumpsta1/...', 467)
  #1 /home/jumpsta1/public_html/jumpstart.gg/wiki/lib/plugins/authplain/auth.php(467): preg_match('/*regretful*/i', 'limelight')
  #2 /home/jumpsta1/public_html/jumpstart.gg/wiki/lib/plugins/authplain/auth.php(318): auth_plugin_authplain->filter('limelight', Array)
  #3 /home/jumpsta1/public_html/jumpstart.gg/wiki/lib/plugins/jumpstart/action.php(136): auth_plugin_authplain->retrieveUsers(0, 100, Array)
  #4 /home/jumpsta1/public_html/jumpstart.gg/wiki/inc/Extension/EventHandler.php(80): action_plugin_jumpstart->handle_userprofile_api(Object(dokuwiki\Extension\Event), NULL)
  #5 /home/jumpsta1/public_html/jumpstart.gg/wiki/inc/Extension/Event.php(75): dokuwiki\Extension\EventHandler->process_event(Object(dokuwiki\Extension\Event), 'BEFORE')
  #6 /home/jumpsta1/public_html/jumpstart.gg/wiki/inc/ActionRouter.php(83): dokuwiki\Extension\Event->advise_before()
  #7 /home/jumpsta1/public_html/jumpstart.gg/wiki/inc/ActionRouter.php(49): dokuwiki\ActionRouter->setupAction('searchusers')
  #8 /home/jumpsta1/public_html/jumpstart.gg/wiki/inc/ActionRouter.php(62): dokuwiki\ActionRouter->__construct()
  #9 /home/jumpsta1/public_html/jumpstart.gg/wiki/inc/actions.php(19): dokuwiki\ActionRouter::getInstance(true)
  #10 /home/jumpsta1/public_html/jumpstart.gg/wiki/doku.php(131): act_dispatch()
  #11 {main}
2026-06-18 21:14:26	/home/jumpsta1/public_html/jumpstart.gg/wiki/lib/plugins/authplain/auth.php(470)	E_WARNING: preg_match(): Compilation failed: quantifier does not follow a repeatable item at offset 0
  #0 [internal function]: dokuwiki\ErrorHandler::errorHandler(2, 'preg_match(): C...', '/home/jumpsta1/...', 470)
  #1 /home/jumpsta1/public_html/jumpstart.gg/wiki/lib/plugins/authplain/auth.php(470): preg_match('/*reg*/i', 'LimeLight')
  #2 /home/jumpsta1/public_html/jumpstart.gg/wiki/lib/plugins/authplain/auth.php(318): auth_plugin_authplain->filter('4800lightbulbs', Array)
  #3 /home/jumpsta1/public_html/jumpstart.gg/wiki/lib/plugins/jumpstart/action.php(135): auth_plugin_authplain->retrieveUsers(0, 100, Array)
  #4 /home/jumpsta1/public_html/jumpstart.gg/wiki/inc/Extension/EventHandler.php(80): action_plugin_jumpstart->handle_userprofile_api(Object(dokuwiki\Extension\Event), NULL)
  #5 /home/jumpsta1/public_html/jumpstart.gg/wiki/inc/Extension/Event.php(75): dokuwiki\Extension\EventHandler->process_event(Object(dokuwiki\Extension\Event), 'BEFORE')
  #6 /home/jumpsta1/public_html/jumpstart.gg/wiki/inc/ActionRouter.php(83): dokuwiki\Extension\Event->advise_before()
  #7 /home/jumpsta1/public_html/jumpstart.gg/wiki/inc/ActionRouter.php(49): dokuwiki\ActionRouter->setupAction('searchusers')
  #8 /home/jumpsta1/public_html/jumpstart.gg/wiki/inc/ActionRouter.php(62): dokuwiki\ActionRouter->__construct()
  #9 /home/jumpsta1/public_html/jumpstart.gg/wiki/inc/actions.php(19): dokuwiki\ActionRouter::getInstance(true)
  #10 /home/jumpsta1/public_html/jumpstart.gg/wiki/doku.php(131): act_dispatch()
  #11 {main}
2026-06-18 21:14:26	/home/jumpsta1/public_html/jumpstart.gg/wiki/lib/plugins/authplain/auth.php(470)	E_WARNING: preg_match(): Compilation failed: quantifier does not follow a repeatable item at offset 0
  #0 [internal function]: dokuwiki\ErrorHandler::errorHandler(2, 'preg_match(): C...', '/home/jumpsta1/...', 470)
  #1 /home/jumpsta1/public_html/jumpstart.gg/wiki/lib/plugins/authplain/auth.php(470): preg_match('/*reg*/i', 'Awooga')
  #2 /home/jumpsta1/public_html/jumpstart.gg/wiki/lib/plugins/authplain/auth.php(318): auth_plugin_authplain->filter('awooga_dl', Array)
  #3 /home/jumpsta1/public_html/jumpstart.gg/wiki/lib/plugins/jumpstart/action.php(135): auth_plugin_authplain->retrieveUsers(0, 100, Array)
  #4 /home/jumpsta1/public_html/jumpstart.gg/wiki/inc/Extension/EventHandler.php(80): action_plugin_jumpstart->handle_userprofile_api(Object(dokuwiki\Extension\Event), NULL)
  #5 /home/jumpsta1/public_html/jumpstart.gg/wiki/inc/Extension/Event.php(75): dokuwiki\Extension\EventHandler->process_event(Object(dokuwiki\Extension\Event), 'BEFORE')
  #6 /home/jumpsta1/public_html/jumpstart.gg/wiki/inc/ActionRouter.php(83): dokuwiki\Extension\Event->advise_before()
  #7 /home/jumpsta1/public_html/jumpstart.gg/wiki/inc/ActionRouter.php(49): dokuwiki\ActionRouter->setupAction('searchusers')
  #8 /home/jumpsta1/public_html/jumpstart.gg/wiki/inc/ActionRouter.php(62): dokuwiki\ActionRouter->__construct()
  #9 /home/jumpsta1/public_html/jumpstart.gg/wiki/inc/actions.php(19): dokuwiki\ActionRouter::getInstance(true)
  #10 /home/jumpsta1/public_html/jumpstart.gg/wiki/doku.php(131): act_dispatch()
  #11 {main}
2026-06-18 21:14:26	/home/jumpsta1/public_html/jumpstart.gg/wiki/lib/plugins/authplain/auth.php(470)	E_WARNING: preg_match(): Compilation failed: quantifier does not follow a repeatable item at offset 0
  #0 [internal function]: dokuwiki\ErrorHandler::errorHandler(2, 'preg_match(): C...', '/home/jumpsta1/...', 470)
  #1 /home/jumpsta1/public_html/jumpstart.gg/wiki/lib/plugins/authplain/auth.php(470): preg_match('/*reg*/i', 'RegretfulCurve')
  #2 /home/jumpsta1/public_html/jumpstart.gg/wiki/lib/plugins/authplain/auth.php(318): auth_plugin_authplain->filter('jumpstartadmin', Array)
  #3 /home/jumpsta1/public_html/jumpstart.gg/wiki/lib/plugins/jumpstart/action.php(135): auth_plugin_authplain->retrieveUsers(0, 100, Array)
  #4 /home/jumpsta1/public_html/jumpstart.gg/wiki/inc/Extension/EventHandler.php(80): action_plugin_jumpstart->handle_userprofile_api(Object(dokuwiki\Extension\Event), NULL)
  #5 /home/jumpsta1/public_html/jumpstart.gg/wiki/inc/Extension/Event.php(75): dokuwiki\Extension\EventHandler->process_event(Object(dokuwiki\Extension\Event), 'BEFORE')
  #6 /home/jumpsta1/public_html/jumpstart.gg/wiki/inc/ActionRouter.php(83): dokuwiki\Extension\Event->advise_before()
  #7 /home/jumpsta1/public_html/jumpstart.gg/wiki/inc/ActionRouter.php(49): dokuwiki\ActionRouter->setupAction('searchusers')
  #8 /home/jumpsta1/public_html/jumpstart.gg/wiki/inc/ActionRouter.php(62): dokuwiki\ActionRouter->__construct()
  #9 /home/jumpsta1/public_html/jumpstart.gg/wiki/inc/actions.php(19): dokuwiki\ActionRouter::getInstance(true)
  #10 /home/jumpsta1/public_html/jumpstart.gg/wiki/doku.php(131): act_dispatch()
  #11 {main}
2026-06-18 21:14:26	/home/jumpsta1/public_html/jumpstart.gg/wiki/lib/plugins/authplain/auth.php(470)	E_WARNING: preg_match(): Compilation failed: quantifier does not follow a repeatable item at offset 0
  #0 [internal function]: dokuwiki\ErrorHandler::errorHandler(2, 'preg_match(): C...', '/home/jumpsta1/...', 470)
  #1 /home/jumpsta1/public_html/jumpstart.gg/wiki/lib/plugins/authplain/auth.php(470): preg_match('/*reg*/i', 'LimeLight')
  #2 /home/jumpsta1/public_html/jumpstart.gg/wiki/lib/plugins/authplain/auth.php(318): auth_plugin_authplain->filter('limelight', Array)
  #3 /home/jumpsta1/public_html/jumpstart.gg/wiki/lib/plugins/jumpstart/action.php(135): auth_plugin_authplain->retrieveUsers(0, 100, Array)
  #4 /home/jumpsta1/public_html/jumpstart.gg/wiki/inc/Extension/EventHandler.php(80): action_plugin_jumpstart->handle_userprofile_api(Object(dokuwiki\Extension\Event), NULL)
  #5 /home/jumpsta1/public_html/jumpstart.gg/wiki/inc/Extension/Event.php(75): dokuwiki\Extension\EventHandler->process_event(Object(dokuwiki\Extension\Event), 'BEFORE')
  #6 /home/jumpsta1/public_html/jumpstart.gg/wiki/inc/ActionRouter.php(83): dokuwiki\Extension\Event->advise_before()
  #7 /home/jumpsta1/public_html/jumpstart.gg/wiki/inc/ActionRouter.php(49): dokuwiki\ActionRouter->setupAction('searchusers')
  #8 /home/jumpsta1/public_html/jumpstart.gg/wiki/inc/ActionRouter.php(62): dokuwiki\ActionRouter->__construct()
  #9 /home/jumpsta1/public_html/jumpstart.gg/wiki/inc/actions.php(19): dokuwiki\ActionRouter::getInstance(true)
  #10 /home/jumpsta1/public_html/jumpstart.gg/wiki/doku.php(131): act_dispatch()
  #11 {main}
2026-06-18 21:14:26	/home/jumpsta1/public_html/jumpstart.gg/wiki/lib/plugins/authplain/auth.php(467)	E_WARNING: preg_match(): Compilation failed: quantifier does not follow a repeatable item at offset 0
  #0 [internal function]: dokuwiki\ErrorHandler::errorHandler(2, 'preg_match(): C...', '/home/jumpsta1/...', 467)
  #1 /home/jumpsta1/public_html/jumpstart.gg/wiki/lib/plugins/authplain/auth.php(467): preg_match('/*reg*/i', '4800lightbulbs')
  #2 /home/jumpsta1/public_html/jumpstart.gg/wiki/lib/plugins/authplain/auth.php(318): auth_plugin_authplain->filter('4800lightbulbs', Array)
  #3 /home/jumpsta1/public_html/jumpstart.gg/wiki/lib/plugins/jumpstart/action.php(136): auth_plugin_authplain->retrieveUsers(0, 100, Array)
  #4 /home/jumpsta1/public_html/jumpstart.gg/wiki/inc/Extension/EventHandler.php(80): action_plugin_jumpstart->handle_userprofile_api(Object(dokuwiki\Extension\Event), NULL)
  #5 /home/jumpsta1/public_html/jumpstart.gg/wiki/inc/Extension/Event.php(75): dokuwiki\Extension\EventHandler->process_event(Object(dokuwiki\Extension\Event), 'BEFORE')
  #6 /home/jumpsta1/public_html/jumpstart.gg/wiki/inc/ActionRouter.php(83): dokuwiki\Extension\Event->advise_before()
  #7 /home/jumpsta1/public_html/jumpstart.gg/wiki/inc/ActionRouter.php(49): dokuwiki\ActionRouter->setupAction('searchusers')
  #8 /home/jumpsta1/public_html/jumpstart.gg/wiki/inc/ActionRouter.php(62): dokuwiki\ActionRouter->__construct()
  #9 /home/jumpsta1/public_html/jumpstart.gg/wiki/inc/actions.php(19): dokuwiki\ActionRouter::getInstance(true)
  #10 /home/jumpsta1/public_html/jumpstart.gg/wiki/doku.php(131): act_dispatch()
  #11 {main}
2026-06-18 21:14:26	/home/jumpsta1/public_html/jumpstart.gg/wiki/lib/plugins/authplain/auth.php(467)	E_WARNING: preg_match(): Compilation failed: quantifier does not follow a repeatable item at offset 0
  #0 [internal function]: dokuwiki\ErrorHandler::errorHandler(2, 'preg_match(): C...', '/home/jumpsta1/...', 467)
  #1 /home/jumpsta1/public_html/jumpstart.gg/wiki/lib/plugins/authplain/auth.php(467): preg_match('/*reg*/i', 'awooga_dl')
  #2 /home/jumpsta1/public_html/jumpstart.gg/wiki/lib/plugins/authplain/auth.php(318): auth_plugin_authplain->filter('awooga_dl', Array)
  #3 /home/jumpsta1/public_html/jumpstart.gg/wiki/lib/plugins/jumpstart/action.php(136): auth_plugin_authplain->retrieveUsers(0, 100, Array)
  #4 /home/jumpsta1/public_html/jumpstart.gg/wiki/inc/Extension/EventHandler.php(80): action_plugin_jumpstart->handle_userprofile_api(Object(dokuwiki\Extension\Event), NULL)
  #5 /home/jumpsta1/public_html/jumpstart.gg/wiki/inc/Extension/Event.php(75): dokuwiki\Extension\EventHandler->process_event(Object(dokuwiki\Extension\Event), 'BEFORE')
  #6 /home/jumpsta1/public_html/jumpstart.gg/wiki/inc/ActionRouter.php(83): dokuwiki\Extension\Event->advise_before()
  #7 /home/jumpsta1/public_html/jumpstart.gg/wiki/inc/ActionRouter.php(49): dokuwiki\ActionRouter->setupAction('searchusers')
  #8 /home/jumpsta1/public_html/jumpstart.gg/wiki/inc/ActionRouter.php(62): dokuwiki\ActionRouter->__construct()
  #9 /home/jumpsta1/public_html/jumpstart.gg/wiki/inc/actions.php(19): dokuwiki\ActionRouter::getInstance(true)
  #10 /home/jumpsta1/public_html/jumpstart.gg/wiki/doku.php(131): act_dispatch()
  #11 {main}
2026-06-18 21:14:26	/home/jumpsta1/public_html/jumpstart.gg/wiki/lib/plugins/authplain/auth.php(467)	E_WARNING: preg_match(): Compilation failed: quantifier does not follow a repeatable item at offset 0
  #0 [internal function]: dokuwiki\ErrorHandler::errorHandler(2, 'preg_match(): C...', '/home/jumpsta1/...', 467)
  #1 /home/jumpsta1/public_html/jumpstart.gg/wiki/lib/plugins/authplain/auth.php(467): preg_match('/*reg*/i', 'jumpstartadmin')
  #2 /home/jumpsta1/public_html/jumpstart.gg/wiki/lib/plugins/authplain/auth.php(318): auth_plugin_authplain->filter('jumpstartadmin', Array)
  #3 /home/jumpsta1/public_html/jumpstart.gg/wiki/lib/plugins/jumpstart/action.php(136): auth_plugin_authplain->retrieveUsers(0, 100, Array)
  #4 /home/jumpsta1/public_html/jumpstart.gg/wiki/inc/Extension/EventHandler.php(80): action_plugin_jumpstart->handle_userprofile_api(Object(dokuwiki\Extension\Event), NULL)
  #5 /home/jumpsta1/public_html/jumpstart.gg/wiki/inc/Extension/Event.php(75): dokuwiki\Extension\EventHandler->process_event(Object(dokuwiki\Extension\Event), 'BEFORE')
  #6 /home/jumpsta1/public_html/jumpstart.gg/wiki/inc/ActionRouter.php(83): dokuwiki\Extension\Event->advise_before()
  #7 /home/jumpsta1/public_html/jumpstart.gg/wiki/inc/ActionRouter.php(49): dokuwiki\ActionRouter->setupAction('searchusers')
  #8 /home/jumpsta1/public_html/jumpstart.gg/wiki/inc/ActionRouter.php(62): dokuwiki\ActionRouter->__construct()
  #9 /home/jumpsta1/public_html/jumpstart.gg/wiki/inc/actions.php(19): dokuwiki\ActionRouter::getInstance(true)
  #10 /home/jumpsta1/public_html/jumpstart.gg/wiki/doku.php(131): act_dispatch()
  #11 {main}
2026-06-18 21:14:26	/home/jumpsta1/public_html/jumpstart.gg/wiki/lib/plugins/authplain/auth.php(467)	E_WARNING: preg_match(): Compilation failed: quantifier does not follow a repeatable item at offset 0
  #0 [internal function]: dokuwiki\ErrorHandler::errorHandler(2, 'preg_match(): C...', '/home/jumpsta1/...', 467)
  #1 /home/jumpsta1/public_html/jumpstart.gg/wiki/lib/plugins/authplain/auth.php(467): preg_match('/*reg*/i', 'limelight')
  #2 /home/jumpsta1/public_html/jumpstart.gg/wiki/lib/plugins/authplain/auth.php(318): auth_plugin_authplain->filter('limelight', Array)
  #3 /home/jumpsta1/public_html/jumpstart.gg/wiki/lib/plugins/jumpstart/action.php(136): auth_plugin_authplain->retrieveUsers(0, 100, Array)
  #4 /home/jumpsta1/public_html/jumpstart.gg/wiki/inc/Extension/EventHandler.php(80): action_plugin_jumpstart->handle_userprofile_api(Object(dokuwiki\Extension\Event), NULL)
  #5 /home/jumpsta1/public_html/jumpstart.gg/wiki/inc/Extension/Event.php(75): dokuwiki\Extension\EventHandler->process_event(Object(dokuwiki\Extension\Event), 'BEFORE')
  #6 /home/jumpsta1/public_html/jumpstart.gg/wiki/inc/ActionRouter.php(83): dokuwiki\Extension\Event->advise_before()
  #7 /home/jumpsta1/public_html/jumpstart.gg/wiki/inc/ActionRouter.php(49): dokuwiki\ActionRouter->setupAction('searchusers')
  #8 /home/jumpsta1/public_html/jumpstart.gg/wiki/inc/ActionRouter.php(62): dokuwiki\ActionRouter->__construct()
  #9 /home/jumpsta1/public_html/jumpstart.gg/wiki/inc/actions.php(19): dokuwiki\ActionRouter::getInstance(true)
  #10 /home/jumpsta1/public_html/jumpstart.gg/wiki/doku.php(131): act_dispatch()
  #11 {main}
2026-06-18 21:14:27	/home/jumpsta1/public_html/jumpstart.gg/wiki/lib/plugins/authplain/auth.php(470)	E_WARNING: preg_match(): Compilation failed: quantifier does not follow a repeatable item at offset 0
  #0 [internal function]: dokuwiki\ErrorHandler::errorHandler(2, 'preg_match(): C...', '/home/jumpsta1/...', 470)
  #1 /home/jumpsta1/public_html/jumpstart.gg/wiki/lib/plugins/authplain/auth.php(470): preg_match('/*regret*/i', 'LimeLight')
  #2 /home/jumpsta1/public_html/jumpstart.gg/wiki/lib/plugins/authplain/auth.php(318): auth_plugin_authplain->filter('4800lightbulbs', Array)
  #3 /home/jumpsta1/public_html/jumpstart.gg/wiki/lib/plugins/jumpstart/action.php(135): auth_plugin_authplain->retrieveUsers(0, 100, Array)
  #4 /home/jumpsta1/public_html/jumpstart.gg/wiki/inc/Extension/EventHandler.php(80): action_plugin_jumpstart->handle_userprofile_api(Object(dokuwiki\Extension\Event), NULL)
  #5 /home/jumpsta1/public_html/jumpstart.gg/wiki/inc/Extension/Event.php(75): dokuwiki\Extension\EventHandler->process_event(Object(dokuwiki\Extension\Event), 'BEFORE')
  #6 /home/jumpsta1/public_html/jumpstart.gg/wiki/inc/ActionRouter.php(83): dokuwiki\Extension\Event->advise_before()
  #7 /home/jumpsta1/public_html/jumpstart.gg/wiki/inc/ActionRouter.php(49): dokuwiki\ActionRouter->setupAction('searchusers')
  #8 /home/jumpsta1/public_html/jumpstart.gg/wiki/inc/ActionRouter.php(62): dokuwiki\ActionRouter->__construct()
  #9 /home/jumpsta1/public_html/jumpstart.gg/wiki/inc/actions.php(19): dokuwiki\ActionRouter::getInstance(true)
  #10 /home/jumpsta1/public_html/jumpstart.gg/wiki/doku.php(131): act_dispatch()
  #11 {main}
2026-06-18 21:14:27	/home/jumpsta1/public_html/jumpstart.gg/wiki/lib/plugins/authplain/auth.php(470)	E_WARNING: preg_match(): Compilation failed: quantifier does not follow a repeatable item at offset 0
  #0 [internal function]: dokuwiki\ErrorHandler::errorHandler(2, 'preg_match(): C...', '/home/jumpsta1/...', 470)
  #1 /home/jumpsta1/public_html/jumpstart.gg/wiki/lib/plugins/authplain/auth.php(470): preg_match('/*regret*/i', 'Awooga')
  #2 /home/jumpsta1/public_html/jumpstart.gg/wiki/lib/plugins/authplain/auth.php(318): auth_plugin_authplain->filter('awooga_dl', Array)
  #3 /home/jumpsta1/public_html/jumpstart.gg/wiki/lib/plugins/jumpstart/action.php(135): auth_plugin_authplain->retrieveUsers(0, 100, Array)
  #4 /home/jumpsta1/public_html/jumpstart.gg/wiki/inc/Extension/EventHandler.php(80): action_plugin_jumpstart->handle_userprofile_api(Object(dokuwiki\Extension\Event), NULL)
  #5 /home/jumpsta1/public_html/jumpstart.gg/wiki/inc/Extension/Event.php(75): dokuwiki\Extension\EventHandler->process_event(Object(dokuwiki\Extension\Event), 'BEFORE')
  #6 /home/jumpsta1/public_html/jumpstart.gg/wiki/inc/ActionRouter.php(83): dokuwiki\Extension\Event->advise_before()
  #7 /home/jumpsta1/public_html/jumpstart.gg/wiki/inc/ActionRouter.php(49): dokuwiki\ActionRouter->setupAction('searchusers')
  #8 /home/jumpsta1/public_html/jumpstart.gg/wiki/inc/ActionRouter.php(62): dokuwiki\ActionRouter->__construct()
  #9 /home/jumpsta1/public_html/jumpstart.gg/wiki/inc/actions.php(19): dokuwiki\ActionRouter::getInstance(true)
  #10 /home/jumpsta1/public_html/jumpstart.gg/wiki/doku.php(131): act_dispatch()
  #11 {main}
2026-06-18 21:14:27	/home/jumpsta1/public_html/jumpstart.gg/wiki/lib/plugins/authplain/auth.php(470)	E_WARNING: preg_match(): Compilation failed: quantifier does not follow a repeatable item at offset 0
  #0 [internal function]: dokuwiki\ErrorHandler::errorHandler(2, 'preg_match(): C...', '/home/jumpsta1/...', 470)
  #1 /home/jumpsta1/public_html/jumpstart.gg/wiki/lib/plugins/authplain/auth.php(470): preg_match('/*regret*/i', 'RegretfulCurve')
  #2 /home/jumpsta1/public_html/jumpstart.gg/wiki/lib/plugins/authplain/auth.php(318): auth_plugin_authplain->filter('jumpstartadmin', Array)
  #3 /home/jumpsta1/public_html/jumpstart.gg/wiki/lib/plugins/jumpstart/action.php(135): auth_plugin_authplain->retrieveUsers(0, 100, Array)
  #4 /home/jumpsta1/public_html/jumpstart.gg/wiki/inc/Extension/EventHandler.php(80): action_plugin_jumpstart->handle_userprofile_api(Object(dokuwiki\Extension\Event), NULL)
  #5 /home/jumpsta1/public_html/jumpstart.gg/wiki/inc/Extension/Event.php(75): dokuwiki\Extension\EventHandler->process_event(Object(dokuwiki\Extension\Event), 'BEFORE')
  #6 /home/jumpsta1/public_html/jumpstart.gg/wiki/inc/ActionRouter.php(83): dokuwiki\Extension\Event->advise_before()
  #7 /home/jumpsta1/public_html/jumpstart.gg/wiki/inc/ActionRouter.php(49): dokuwiki\ActionRouter->setupAction('searchusers')
  #8 /home/jumpsta1/public_html/jumpstart.gg/wiki/inc/ActionRouter.php(62): dokuwiki\ActionRouter->__construct()
  #9 /home/jumpsta1/public_html/jumpstart.gg/wiki/inc/actions.php(19): dokuwiki\ActionRouter::getInstance(true)
  #10 /home/jumpsta1/public_html/jumpstart.gg/wiki/doku.php(131): act_dispatch()
  #11 {main}
2026-06-18 21:14:27	/home/jumpsta1/public_html/jumpstart.gg/wiki/lib/plugins/authplain/auth.php(470)	E_WARNING: preg_match(): Compilation failed: quantifier does not follow a repeatable item at offset 0
  #0 [internal function]: dokuwiki\ErrorHandler::errorHandler(2, 'preg_match(): C...', '/home/jumpsta1/...', 470)
  #1 /home/jumpsta1/public_html/jumpstart.gg/wiki/lib/plugins/authplain/auth.php(470): preg_match('/*regret*/i', 'LimeLight')
  #2 /home/jumpsta1/public_html/jumpstart.gg/wiki/lib/plugins/authplain/auth.php(318): auth_plugin_authplain->filter('limelight', Array)
  #3 /home/jumpsta1/public_html/jumpstart.gg/wiki/lib/plugins/jumpstart/action.php(135): auth_plugin_authplain->retrieveUsers(0, 100, Array)
  #4 /home/jumpsta1/public_html/jumpstart.gg/wiki/inc/Extension/EventHandler.php(80): action_plugin_jumpstart->handle_userprofile_api(Object(dokuwiki\Extension\Event), NULL)
  #5 /home/jumpsta1/public_html/jumpstart.gg/wiki/inc/Extension/Event.php(75): dokuwiki\Extension\EventHandler->process_event(Object(dokuwiki\Extension\Event), 'BEFORE')
  #6 /home/jumpsta1/public_html/jumpstart.gg/wiki/inc/ActionRouter.php(83): dokuwiki\Extension\Event->advise_before()
  #7 /home/jumpsta1/public_html/jumpstart.gg/wiki/inc/ActionRouter.php(49): dokuwiki\ActionRouter->setupAction('searchusers')
  #8 /home/jumpsta1/public_html/jumpstart.gg/wiki/inc/ActionRouter.php(62): dokuwiki\ActionRouter->__construct()
  #9 /home/jumpsta1/public_html/jumpstart.gg/wiki/inc/actions.php(19): dokuwiki\ActionRouter::getInstance(true)
  #10 /home/jumpsta1/public_html/jumpstart.gg/wiki/doku.php(131): act_dispatch()
  #11 {main}
2026-06-18 21:14:27	/home/jumpsta1/public_html/jumpstart.gg/wiki/lib/plugins/authplain/auth.php(467)	E_WARNING: preg_match(): Compilation failed: quantifier does not follow a repeatable item at offset 0
  #0 [internal function]: dokuwiki\ErrorHandler::errorHandler(2, 'preg_match(): C...', '/home/jumpsta1/...', 467)
  #1 /home/jumpsta1/public_html/jumpstart.gg/wiki/lib/plugins/authplain/auth.php(467): preg_match('/*regret*/i', '4800lightbulbs')
  #2 /home/jumpsta1/public_html/jumpstart.gg/wiki/lib/plugins/authplain/auth.php(318): auth_plugin_authplain->filter('4800lightbulbs', Array)
  #3 /home/jumpsta1/public_html/jumpstart.gg/wiki/lib/plugins/jumpstart/action.php(136): auth_plugin_authplain->retrieveUsers(0, 100, Array)
  #4 /home/jumpsta1/public_html/jumpstart.gg/wiki/inc/Extension/EventHandler.php(80): action_plugin_jumpstart->handle_userprofile_api(Object(dokuwiki\Extension\Event), NULL)
  #5 /home/jumpsta1/public_html/jumpstart.gg/wiki/inc/Extension/Event.php(75): dokuwiki\Extension\EventHandler->process_event(Object(dokuwiki\Extension\Event), 'BEFORE')
  #6 /home/jumpsta1/public_html/jumpstart.gg/wiki/inc/ActionRouter.php(83): dokuwiki\Extension\Event->advise_before()
  #7 /home/jumpsta1/public_html/jumpstart.gg/wiki/inc/ActionRouter.php(49): dokuwiki\ActionRouter->setupAction('searchusers')
  #8 /home/jumpsta1/public_html/jumpstart.gg/wiki/inc/ActionRouter.php(62): dokuwiki\ActionRouter->__construct()
  #9 /home/jumpsta1/public_html/jumpstart.gg/wiki/inc/actions.php(19): dokuwiki\ActionRouter::getInstance(true)
  #10 /home/jumpsta1/public_html/jumpstart.gg/wiki/doku.php(131): act_dispatch()
  #11 {main}
2026-06-18 21:14:27	/home/jumpsta1/public_html/jumpstart.gg/wiki/lib/plugins/authplain/auth.php(467)	E_WARNING: preg_match(): Compilation failed: quantifier does not follow a repeatable item at offset 0
  #0 [internal function]: dokuwiki\ErrorHandler::errorHandler(2, 'preg_match(): C...', '/home/jumpsta1/...', 467)
  #1 /home/jumpsta1/public_html/jumpstart.gg/wiki/lib/plugins/authplain/auth.php(467): preg_match('/*regret*/i', 'awooga_dl')
  #2 /home/jumpsta1/public_html/jumpstart.gg/wiki/lib/plugins/authplain/auth.php(318): auth_plugin_authplain->filter('awooga_dl', Array)
  #3 /home/jumpsta1/public_html/jumpstart.gg/wiki/lib/plugins/jumpstart/action.php(136): auth_plugin_authplain->retrieveUsers(0, 100, Array)
  #4 /home/jumpsta1/public_html/jumpstart.gg/wiki/inc/Extension/EventHandler.php(80): action_plugin_jumpstart->handle_userprofile_api(Object(dokuwiki\Extension\Event), NULL)
  #5 /home/jumpsta1/public_html/jumpstart.gg/wiki/inc/Extension/Event.php(75): dokuwiki\Extension\EventHandler->process_event(Object(dokuwiki\Extension\Event), 'BEFORE')
  #6 /home/jumpsta1/public_html/jumpstart.gg/wiki/inc/ActionRouter.php(83): dokuwiki\Extension\Event->advise_before()
  #7 /home/jumpsta1/public_html/jumpstart.gg/wiki/inc/ActionRouter.php(49): dokuwiki\ActionRouter->setupAction('searchusers')
  #8 /home/jumpsta1/public_html/jumpstart.gg/wiki/inc/ActionRouter.php(62): dokuwiki\ActionRouter->__construct()
  #9 /home/jumpsta1/public_html/jumpstart.gg/wiki/inc/actions.php(19): dokuwiki\ActionRouter::getInstance(true)
  #10 /home/jumpsta1/public_html/jumpstart.gg/wiki/doku.php(131): act_dispatch()
  #11 {main}
2026-06-18 21:14:27	/home/jumpsta1/public_html/jumpstart.gg/wiki/lib/plugins/authplain/auth.php(467)	E_WARNING: preg_match(): Compilation failed: quantifier does not follow a repeatable item at offset 0
  #0 [internal function]: dokuwiki\ErrorHandler::errorHandler(2, 'preg_match(): C...', '/home/jumpsta1/...', 467)
  #1 /home/jumpsta1/public_html/jumpstart.gg/wiki/lib/plugins/authplain/auth.php(467): preg_match('/*regret*/i', 'jumpstartadmin')
  #2 /home/jumpsta1/public_html/jumpstart.gg/wiki/lib/plugins/authplain/auth.php(318): auth_plugin_authplain->filter('jumpstartadmin', Array)
  #3 /home/jumpsta1/public_html/jumpstart.gg/wiki/lib/plugins/jumpstart/action.php(136): auth_plugin_authplain->retrieveUsers(0, 100, Array)
  #4 /home/jumpsta1/public_html/jumpstart.gg/wiki/inc/Extension/EventHandler.php(80): action_plugin_jumpstart->handle_userprofile_api(Object(dokuwiki\Extension\Event), NULL)
  #5 /home/jumpsta1/public_html/jumpstart.gg/wiki/inc/Extension/Event.php(75): dokuwiki\Extension\EventHandler->process_event(Object(dokuwiki\Extension\Event), 'BEFORE')
  #6 /home/jumpsta1/public_html/jumpstart.gg/wiki/inc/ActionRouter.php(83): dokuwiki\Extension\Event->advise_before()
  #7 /home/jumpsta1/public_html/jumpstart.gg/wiki/inc/ActionRouter.php(49): dokuwiki\ActionRouter->setupAction('searchusers')
  #8 /home/jumpsta1/public_html/jumpstart.gg/wiki/inc/ActionRouter.php(62): dokuwiki\ActionRouter->__construct()
  #9 /home/jumpsta1/public_html/jumpstart.gg/wiki/inc/actions.php(19): dokuwiki\ActionRouter::getInstance(true)
  #10 /home/jumpsta1/public_html/jumpstart.gg/wiki/doku.php(131): act_dispatch()
  #11 {main}
2026-06-18 21:14:27	/home/jumpsta1/public_html/jumpstart.gg/wiki/lib/plugins/authplain/auth.php(467)	E_WARNING: preg_match(): Compilation failed: quantifier does not follow a repeatable item at offset 0
  #0 [internal function]: dokuwiki\ErrorHandler::errorHandler(2, 'preg_match(): C...', '/home/jumpsta1/...', 467)
  #1 /home/jumpsta1/public_html/jumpstart.gg/wiki/lib/plugins/authplain/auth.php(467): preg_match('/*regret*/i', 'limelight')
  #2 /home/jumpsta1/public_html/jumpstart.gg/wiki/lib/plugins/authplain/auth.php(318): auth_plugin_authplain->filter('limelight', Array)
  #3 /home/jumpsta1/public_html/jumpstart.gg/wiki/lib/plugins/jumpstart/action.php(136): auth_plugin_authplain->retrieveUsers(0, 100, Array)
  #4 /home/jumpsta1/public_html/jumpstart.gg/wiki/inc/Extension/EventHandler.php(80): action_plugin_jumpstart->handle_userprofile_api(Object(dokuwiki\Extension\Event), NULL)
  #5 /home/jumpsta1/public_html/jumpstart.gg/wiki/inc/Extension/Event.php(75): dokuwiki\Extension\EventHandler->process_event(Object(dokuwiki\Extension\Event), 'BEFORE')
  #6 /home/jumpsta1/public_html/jumpstart.gg/wiki/inc/ActionRouter.php(83): dokuwiki\Extension\Event->advise_before()
  #7 /home/jumpsta1/public_html/jumpstart.gg/wiki/inc/ActionRouter.php(49): dokuwiki\ActionRouter->setupAction('searchusers')
  #8 /home/jumpsta1/public_html/jumpstart.gg/wiki/inc/ActionRouter.php(62): dokuwiki\ActionRouter->__construct()
  #9 /home/jumpsta1/public_html/jumpstart.gg/wiki/inc/actions.php(19): dokuwiki\ActionRouter::getInstance(true)
  #10 /home/jumpsta1/public_html/jumpstart.gg/wiki/doku.php(131): act_dispatch()
  #11 {main}
2026-06-18 21:14:30	/home/jumpsta1/public_html/jumpstart.gg/wiki/lib/plugins/authplain/auth.php(470)	E_WARNING: preg_match(): Compilation failed: quantifier does not follow a repeatable item at offset 0
  #0 [internal function]: dokuwiki\ErrorHandler::errorHandler(2, 'preg_match(): C...', '/home/jumpsta1/...', 470)
  #1 /home/jumpsta1/public_html/jumpstart.gg/wiki/lib/plugins/authplain/auth.php(470): preg_match('/*regret*/i', 'LimeLight')
  #2 /home/jumpsta1/public_html/jumpstart.gg/wiki/lib/plugins/authplain/auth.php(318): auth_plugin_authplain->filter('4800lightbulbs', Array)
  #3 /home/jumpsta1/public_html/jumpstart.gg/wiki/lib/plugins/jumpstart/action.php(135): auth_plugin_authplain->retrieveUsers(0, 100, Array)
  #4 /home/jumpsta1/public_html/jumpstart.gg/wiki/inc/Extension/EventHandler.php(80): action_plugin_jumpstart->handle_userprofile_api(Object(dokuwiki\Extension\Event), NULL)
  #5 /home/jumpsta1/public_html/jumpstart.gg/wiki/inc/Extension/Event.php(75): dokuwiki\Extension\EventHandler->process_event(Object(dokuwiki\Extension\Event), 'BEFORE')
  #6 /home/jumpsta1/public_html/jumpstart.gg/wiki/inc/ActionRouter.php(83): dokuwiki\Extension\Event->advise_before()
  #7 /home/jumpsta1/public_html/jumpstart.gg/wiki/inc/ActionRouter.php(49): dokuwiki\ActionRouter->setupAction('searchusers')
  #8 /home/jumpsta1/public_html/jumpstart.gg/wiki/inc/ActionRouter.php(62): dokuwiki\ActionRouter->__construct()
  #9 /home/jumpsta1/public_html/jumpstart.gg/wiki/inc/actions.php(19): dokuwiki\ActionRouter::getInstance(true)
  #10 /home/jumpsta1/public_html/jumpstart.gg/wiki/doku.php(131): act_dispatch()
  #11 {main}
2026-06-18 21:14:30	/home/jumpsta1/public_html/jumpstart.gg/wiki/lib/plugins/authplain/auth.php(470)	E_WARNING: preg_match(): Compilation failed: quantifier does not follow a repeatable item at offset 0
  #0 [internal function]: dokuwiki\ErrorHandler::errorHandler(2, 'preg_match(): C...', '/home/jumpsta1/...', 470)
  #1 /home/jumpsta1/public_html/jumpstart.gg/wiki/lib/plugins/authplain/auth.php(470): preg_match('/*regret*/i', 'Awooga')
  #2 /home/jumpsta1/public_html/jumpstart.gg/wiki/lib/plugins/authplain/auth.php(318): auth_plugin_authplain->filter('awooga_dl', Array)
  #3 /home/jumpsta1/public_html/jumpstart.gg/wiki/lib/plugins/jumpstart/action.php(135): auth_plugin_authplain->retrieveUsers(0, 100, Array)
  #4 /home/jumpsta1/public_html/jumpstart.gg/wiki/inc/Extension/EventHandler.php(80): action_plugin_jumpstart->handle_userprofile_api(Object(dokuwiki\Extension\Event), NULL)
  #5 /home/jumpsta1/public_html/jumpstart.gg/wiki/inc/Extension/Event.php(75): dokuwiki\Extension\EventHandler->process_event(Object(dokuwiki\Extension\Event), 'BEFORE')
  #6 /home/jumpsta1/public_html/jumpstart.gg/wiki/inc/ActionRouter.php(83): dokuwiki\Extension\Event->advise_before()
  #7 /home/jumpsta1/public_html/jumpstart.gg/wiki/inc/ActionRouter.php(49): dokuwiki\ActionRouter->setupAction('searchusers')
  #8 /home/jumpsta1/public_html/jumpstart.gg/wiki/inc/ActionRouter.php(62): dokuwiki\ActionRouter->__construct()
  #9 /home/jumpsta1/public_html/jumpstart.gg/wiki/inc/actions.php(19): dokuwiki\ActionRouter::getInstance(true)
  #10 /home/jumpsta1/public_html/jumpstart.gg/wiki/doku.php(131): act_dispatch()
  #11 {main}
2026-06-18 21:14:30	/home/jumpsta1/public_html/jumpstart.gg/wiki/lib/plugins/authplain/auth.php(470)	E_WARNING: preg_match(): Compilation failed: quantifier does not follow a repeatable item at offset 0
  #0 [internal function]: dokuwiki\ErrorHandler::errorHandler(2, 'preg_match(): C...', '/home/jumpsta1/...', 470)
  #1 /home/jumpsta1/public_html/jumpstart.gg/wiki/lib/plugins/authplain/auth.php(470): preg_match('/*regret*/i', 'RegretfulCurve')
  #2 /home/jumpsta1/public_html/jumpstart.gg/wiki/lib/plugins/authplain/auth.php(318): auth_plugin_authplain->filter('jumpstartadmin', Array)
  #3 /home/jumpsta1/public_html/jumpstart.gg/wiki/lib/plugins/jumpstart/action.php(135): auth_plugin_authplain->retrieveUsers(0, 100, Array)
  #4 /home/jumpsta1/public_html/jumpstart.gg/wiki/inc/Extension/EventHandler.php(80): action_plugin_jumpstart->handle_userprofile_api(Object(dokuwiki\Extension\Event), NULL)
  #5 /home/jumpsta1/public_html/jumpstart.gg/wiki/inc/Extension/Event.php(75): dokuwiki\Extension\EventHandler->process_event(Object(dokuwiki\Extension\Event), 'BEFORE')
  #6 /home/jumpsta1/public_html/jumpstart.gg/wiki/inc/ActionRouter.php(83): dokuwiki\Extension\Event->advise_before()
  #7 /home/jumpsta1/public_html/jumpstart.gg/wiki/inc/ActionRouter.php(49): dokuwiki\ActionRouter->setupAction('searchusers')
  #8 /home/jumpsta1/public_html/jumpstart.gg/wiki/inc/ActionRouter.php(62): dokuwiki\ActionRouter->__construct()
  #9 /home/jumpsta1/public_html/jumpstart.gg/wiki/inc/actions.php(19): dokuwiki\ActionRouter::getInstance(true)
  #10 /home/jumpsta1/public_html/jumpstart.gg/wiki/doku.php(131): act_dispatch()
  #11 {main}
2026-06-18 21:14:30	/home/jumpsta1/public_html/jumpstart.gg/wiki/lib/plugins/authplain/auth.php(470)	E_WARNING: preg_match(): Compilation failed: quantifier does not follow a repeatable item at offset 0
  #0 [internal function]: dokuwiki\ErrorHandler::errorHandler(2, 'preg_match(): C...', '/home/jumpsta1/...', 470)
  #1 /home/jumpsta1/public_html/jumpstart.gg/wiki/lib/plugins/authplain/auth.php(470): preg_match('/*regret*/i', 'LimeLight')
  #2 /home/jumpsta1/public_html/jumpstart.gg/wiki/lib/plugins/authplain/auth.php(318): auth_plugin_authplain->filter('limelight', Array)
  #3 /home/jumpsta1/public_html/jumpstart.gg/wiki/lib/plugins/jumpstart/action.php(135): auth_plugin_authplain->retrieveUsers(0, 100, Array)
  #4 /home/jumpsta1/public_html/jumpstart.gg/wiki/inc/Extension/EventHandler.php(80): action_plugin_jumpstart->handle_userprofile_api(Object(dokuwiki\Extension\Event), NULL)
  #5 /home/jumpsta1/public_html/jumpstart.gg/wiki/inc/Extension/Event.php(75): dokuwiki\Extension\EventHandler->process_event(Object(dokuwiki\Extension\Event), 'BEFORE')
  #6 /home/jumpsta1/public_html/jumpstart.gg/wiki/inc/ActionRouter.php(83): dokuwiki\Extension\Event->advise_before()
  #7 /home/jumpsta1/public_html/jumpstart.gg/wiki/inc/ActionRouter.php(49): dokuwiki\ActionRouter->setupAction('searchusers')
  #8 /home/jumpsta1/public_html/jumpstart.gg/wiki/inc/ActionRouter.php(62): dokuwiki\ActionRouter->__construct()
  #9 /home/jumpsta1/public_html/jumpstart.gg/wiki/inc/actions.php(19): dokuwiki\ActionRouter::getInstance(true)
  #10 /home/jumpsta1/public_html/jumpstart.gg/wiki/doku.php(131): act_dispatch()
  #11 {main}
2026-06-18 21:14:30	/home/jumpsta1/public_html/jumpstart.gg/wiki/lib/plugins/authplain/auth.php(467)	E_WARNING: preg_match(): Compilation failed: quantifier does not follow a repeatable item at offset 0
  #0 [internal function]: dokuwiki\ErrorHandler::errorHandler(2, 'preg_match(): C...', '/home/jumpsta1/...', 467)
  #1 /home/jumpsta1/public_html/jumpstart.gg/wiki/lib/plugins/authplain/auth.php(467): preg_match('/*regret*/i', '4800lightbulbs')
  #2 /home/jumpsta1/public_html/jumpstart.gg/wiki/lib/plugins/authplain/auth.php(318): auth_plugin_authplain->filter('4800lightbulbs', Array)
  #3 /home/jumpsta1/public_html/jumpstart.gg/wiki/lib/plugins/jumpstart/action.php(136): auth_plugin_authplain->retrieveUsers(0, 100, Array)
  #4 /home/jumpsta1/public_html/jumpstart.gg/wiki/inc/Extension/EventHandler.php(80): action_plugin_jumpstart->handle_userprofile_api(Object(dokuwiki\Extension\Event), NULL)
  #5 /home/jumpsta1/public_html/jumpstart.gg/wiki/inc/Extension/Event.php(75): dokuwiki\Extension\EventHandler->process_event(Object(dokuwiki\Extension\Event), 'BEFORE')
  #6 /home/jumpsta1/public_html/jumpstart.gg/wiki/inc/ActionRouter.php(83): dokuwiki\Extension\Event->advise_before()
  #7 /home/jumpsta1/public_html/jumpstart.gg/wiki/inc/ActionRouter.php(49): dokuwiki\ActionRouter->setupAction('searchusers')
  #8 /home/jumpsta1/public_html/jumpstart.gg/wiki/inc/ActionRouter.php(62): dokuwiki\ActionRouter->__construct()
  #9 /home/jumpsta1/public_html/jumpstart.gg/wiki/inc/actions.php(19): dokuwiki\ActionRouter::getInstance(true)
  #10 /home/jumpsta1/public_html/jumpstart.gg/wiki/doku.php(131): act_dispatch()
  #11 {main}
2026-06-18 21:14:30	/home/jumpsta1/public_html/jumpstart.gg/wiki/lib/plugins/authplain/auth.php(467)	E_WARNING: preg_match(): Compilation failed: quantifier does not follow a repeatable item at offset 0
  #0 [internal function]: dokuwiki\ErrorHandler::errorHandler(2, 'preg_match(): C...', '/home/jumpsta1/...', 467)
  #1 /home/jumpsta1/public_html/jumpstart.gg/wiki/lib/plugins/authplain/auth.php(467): preg_match('/*regret*/i', 'awooga_dl')
  #2 /home/jumpsta1/public_html/jumpstart.gg/wiki/lib/plugins/authplain/auth.php(318): auth_plugin_authplain->filter('awooga_dl', Array)
  #3 /home/jumpsta1/public_html/jumpstart.gg/wiki/lib/plugins/jumpstart/action.php(136): auth_plugin_authplain->retrieveUsers(0, 100, Array)
  #4 /home/jumpsta1/public_html/jumpstart.gg/wiki/inc/Extension/EventHandler.php(80): action_plugin_jumpstart->handle_userprofile_api(Object(dokuwiki\Extension\Event), NULL)
  #5 /home/jumpsta1/public_html/jumpstart.gg/wiki/inc/Extension/Event.php(75): dokuwiki\Extension\EventHandler->process_event(Object(dokuwiki\Extension\Event), 'BEFORE')
  #6 /home/jumpsta1/public_html/jumpstart.gg/wiki/inc/ActionRouter.php(83): dokuwiki\Extension\Event->advise_before()
  #7 /home/jumpsta1/public_html/jumpstart.gg/wiki/inc/ActionRouter.php(49): dokuwiki\ActionRouter->setupAction('searchusers')
  #8 /home/jumpsta1/public_html/jumpstart.gg/wiki/inc/ActionRouter.php(62): dokuwiki\ActionRouter->__construct()
  #9 /home/jumpsta1/public_html/jumpstart.gg/wiki/inc/actions.php(19): dokuwiki\ActionRouter::getInstance(true)
  #10 /home/jumpsta1/public_html/jumpstart.gg/wiki/doku.php(131): act_dispatch()
  #11 {main}
2026-06-18 21:14:30	/home/jumpsta1/public_html/jumpstart.gg/wiki/lib/plugins/authplain/auth.php(467)	E_WARNING: preg_match(): Compilation failed: quantifier does not follow a repeatable item at offset 0
  #0 [internal function]: dokuwiki\ErrorHandler::errorHandler(2, 'preg_match(): C...', '/home/jumpsta1/...', 467)
  #1 /home/jumpsta1/public_html/jumpstart.gg/wiki/lib/plugins/authplain/auth.php(467): preg_match('/*regret*/i', 'jumpstartadmin')
  #2 /home/jumpsta1/public_html/jumpstart.gg/wiki/lib/plugins/authplain/auth.php(318): auth_plugin_authplain->filter('jumpstartadmin', Array)
  #3 /home/jumpsta1/public_html/jumpstart.gg/wiki/lib/plugins/jumpstart/action.php(136): auth_plugin_authplain->retrieveUsers(0, 100, Array)
  #4 /home/jumpsta1/public_html/jumpstart.gg/wiki/inc/Extension/EventHandler.php(80): action_plugin_jumpstart->handle_userprofile_api(Object(dokuwiki\Extension\Event), NULL)
  #5 /home/jumpsta1/public_html/jumpstart.gg/wiki/inc/Extension/Event.php(75): dokuwiki\Extension\EventHandler->process_event(Object(dokuwiki\Extension\Event), 'BEFORE')
  #6 /home/jumpsta1/public_html/jumpstart.gg/wiki/inc/ActionRouter.php(83): dokuwiki\Extension\Event->advise_before()
  #7 /home/jumpsta1/public_html/jumpstart.gg/wiki/inc/ActionRouter.php(49): dokuwiki\ActionRouter->setupAction('searchusers')
  #8 /home/jumpsta1/public_html/jumpstart.gg/wiki/inc/ActionRouter.php(62): dokuwiki\ActionRouter->__construct()
  #9 /home/jumpsta1/public_html/jumpstart.gg/wiki/inc/actions.php(19): dokuwiki\ActionRouter::getInstance(true)
  #10 /home/jumpsta1/public_html/jumpstart.gg/wiki/doku.php(131): act_dispatch()
  #11 {main}
2026-06-18 21:14:30	/home/jumpsta1/public_html/jumpstart.gg/wiki/lib/plugins/authplain/auth.php(467)	E_WARNING: preg_match(): Compilation failed: quantifier does not follow a repeatable item at offset 0
  #0 [internal function]: dokuwiki\ErrorHandler::errorHandler(2, 'preg_match(): C...', '/home/jumpsta1/...', 467)
  #1 /home/jumpsta1/public_html/jumpstart.gg/wiki/lib/plugins/authplain/auth.php(467): preg_match('/*regret*/i', 'limelight')
  #2 /home/jumpsta1/public_html/jumpstart.gg/wiki/lib/plugins/authplain/auth.php(318): auth_plugin_authplain->filter('limelight', Array)
  #3 /home/jumpsta1/public_html/jumpstart.gg/wiki/lib/plugins/jumpstart/action.php(136): auth_plugin_authplain->retrieveUsers(0, 100, Array)
  #4 /home/jumpsta1/public_html/jumpstart.gg/wiki/inc/Extension/EventHandler.php(80): action_plugin_jumpstart->handle_userprofile_api(Object(dokuwiki\Extension\Event), NULL)
  #5 /home/jumpsta1/public_html/jumpstart.gg/wiki/inc/Extension/Event.php(75): dokuwiki\Extension\EventHandler->process_event(Object(dokuwiki\Extension\Event), 'BEFORE')
  #6 /home/jumpsta1/public_html/jumpstart.gg/wiki/inc/ActionRouter.php(83): dokuwiki\Extension\Event->advise_before()
  #7 /home/jumpsta1/public_html/jumpstart.gg/wiki/inc/ActionRouter.php(49): dokuwiki\ActionRouter->setupAction('searchusers')
  #8 /home/jumpsta1/public_html/jumpstart.gg/wiki/inc/ActionRouter.php(62): dokuwiki\ActionRouter->__construct()
  #9 /home/jumpsta1/public_html/jumpstart.gg/wiki/inc/actions.php(19): dokuwiki\ActionRouter::getInstance(true)
  #10 /home/jumpsta1/public_html/jumpstart.gg/wiki/doku.php(131): act_dispatch()
  #11 {main}
